Timestamp;Enhet;EnhetSaknas;RegistreradePatienter;diabetologer100;diabetologer99;diabetologer79;diabetologer49;diabetologer29;antalhÌĞvertid;antalPatienterAnsvar;antalPsykologer;antalBeteendevetare;antalKuratorer;finnsBarnmottagning;barnmottagningSammarbete;initiativBarnÌĞvergÌ´ng;nuvarandeKontaktvÌ_gar;nyaKontaktvÌ_gar;nyaKontaktvÌ_garFree;tillgÌ_nglighetTelefonmÌ¦te;tillgÌ_nglighetJourtelefon;tillgÌ_nglighetMail;tillgÌ_nglighetSMS;tillgÌ_nglighetChat;tillgÌ_nglighetChatApp;tillgÌ_ngligheVideoBesÌ¦k;tillgÌ_nglighetDropIn;mestEffektivaKontaktvÌ_gar;antalPatienterCGM;antalPatienterFGM;antalPatienterInsulinpumo;riktlinjerCGM;riktlinjerFGM;riktlinjerInsulinpump;utbildningCGM;utbildningFGM;utbilningInsulinpump;efterfrÌ´ganCGM;efterfrÌ´ganFGM;efterfrÌ´ganInsulinpump;budgetBelastningTHM;erbjuderPsykosocialt;efterfrÌ´ganPsykoSocialtStÌ¦d;strategiPsykoSocialtStÌ¦d;strategiPsykoSocialtStÌ¦d_free;specifikBudgetPsykoSocialtStÌ¦d;patientutbildingPsykoSocialtStÌ¦d;patientutbildingPsykoSocialtStÌ¦d_free
2017/09/19 9:31:51 PM GMT+2;VÌ_sternorrlands lÌ_n - LÌ_nssjukhuset Sundsvall HÌ_rnÌ¦sand;;600;;;2;1;2;105;250;1 psykolog;Det finns inga beteendevetare knutna till vÌ´r mottagning;1 kurator;Ja;Ja;nej;"Bokat telefonmÌ¦te (diabetesskÌ¦terska/lÌ_kare kontaktar patienten pÌ´ en avtalad telefontid);Mail;Chat/Meddelandefunktion  (via Mina VÌ´rdkontakter)";Nej, ingen av ovan nÌ_mnda kontaktvÌ_gar har infÌ¦rts sen januari 2016.;;TillgÌ_ngligt alla vardagar;Inte tillgÌ_ngligt pÌ´ denna diabetesmottagning;TillgÌ_ngligt alla vardagar;Inte tillgÌ_ngligt pÌ´ denna diabetesmottagning;TillgÌ_ngligt alla vardagar;Inte tillgÌ_ngligt pÌ´ denna diabetesmottagning;Inte tillgÌ_ngligt pÌ´ denna diabetesmottagning;Inte tillgÌ_ngligt pÌ´ denna diabetesmottagning;"Mail;Chat/Meddelandefunktion  (via Mina VÌ´rdkontakter)";150;300;120;Nationella riktlinjer;Nationella riktlinjer;Nationella riktlinjer;Teknisk utbildning (hur man praktiskt anvÌ_nder CGM och hur man tolkar vÌ_rden);Teknisk utbildning (hur man praktiskt anvÌ_nder FGM och hur man tolkar vÌ_rden);Teknisk utbildning (hur man praktiskt anvÌ_nder insulinpump);Nej;Nej;Nej;Landstinget / Regionen;"Psykolog;Kurator";Ja;Nej;;Vet ej;Ja - ibland;DiabetesskÌ¦terska
2017/09/20 5:37:48 AM GMT+2;ÌĞstergÌ¦tlands lÌ_n - Lasarettet i Motala;;462;2;;;;;120;150;Det finns inga psykologer knutna till vÌ´r mottagning;Det finns inga beteendevetare knutna till vÌ´r mottagning;1 kurator;Nej;Ja;Nej;"Bokat telefonmÌ¦te (diabetesskÌ¦terska/lÌ_kare kontaktar patienten pÌ´ en avtalad telefontid);Jourtelefon (dvs. patienten har mÌ¦jlighet att kontakta vÌ´rden utan att boka tid i fÌ¦rvÌ_g);Mail;SMS;Chat/Meddelandefunktion  (via Mina VÌ´rdkontakter);Drop-in";SMS;;TillgÌ_ngligt alla vardagar;TillgÌ_ngligt alla vardagar;TillgÌ_ngligt alla vardagar;TillgÌ_ngligt alla vardagar;TillgÌ_ngligt alla vardagar;Inte tillgÌ_ngligt pÌ´ denna diabetesmottagning;Inte tillgÌ_ngligt pÌ´ denna diabetesmottagning;TillgÌ_ngligt alla vardagar;"Bokat telefonmÌ¦te (diabetesskÌ¦terska/lÌ_kare kontaktar patienten pÌ´ en avtalad telefontid);Jourtelefon (dvs. patienten har mÌ¦jlighet att kontakta vÌ´rden utan att boka tid i fÌ¦rvÌ_g);Drop-in-besÌ¦k pÌ´ diabetesmottagningen";21;267;58;"Nationella riktlinjer;Klinikspecifika riktlinijer;Riktlinijer frÌ´n Landstinget / Regionen";"Nationella riktlinjer;Klinikspecifika riktlinijer;Riktlinijer frÌ´n Landstinget / Regionen";"Nationella riktlinjer;Klinikspecifika riktlinijer;Riktlinijer frÌ´n Landstinget / Regionen";"Teknisk utbildning (hur man praktiskt anvÌ_nder CGM och hur man tolkar vÌ_rden);Utbildning fÌ¦r att mentalt/kÌ_nslomÌ_ssigt kunna hantera CGM";"Teknisk utbildning (hur man praktiskt anvÌ_nder FGM och hur man tolkar vÌ_rden);Utbildning fÌ¦r att mentalt/kÌ_nslomÌ_ssigt kunna hantera FGM";"Teknisk utbildning (hur man praktiskt anvÌ_nder insulinpump);Utbildning fÌ¦r att mentalt/kÌ_nslomÌ_ssigt kunna hantera insulinpump";Ja;Ja;Nej;Den egna kliniken;"Psykolog;Kurator";Nej;Ja;Vi frÌ´gar vid varje besÌ¦k, vid varje besÌ¦k hur man mÌ´r. Om man ej mÌ´r bra om man Ì¦nskar stÌ¦d. Mott har en kurator knuten till sig samt psykolog/psykiatriker via remiss.;Nej - det Ì_r delat med andra avdelningar pÌ´ sjukhuset;Ja - alltid;Kurator
2017/09/20 8:43:55 AM GMT+2;VÌ_sternorrlands lÌ_n - ÌĞrnskÌ¦ldsviks sjukhus;;304;2;;;;;40;304;Det finns inga psykologer knutna till vÌ´r mottagning;Det finns inga beteendevetare knutna till vÌ´r mottagning;1 kurator;Ja;Ja;ÌĞvergÌ´ngsmÌ¦ten;"Bokat telefonmÌ¦te (diabetesskÌ¦terska/lÌ_kare kontaktar patienten pÌ´ en avtalad telefontid);Mail;Chat/Meddelandefunktion  (via Mina VÌ´rdkontakter)";Chat/Meddelandefunktion  (via Mina VÌ´rdkontakter);;TillgÌ_ngligt alla vardagar;Inte tillgÌ_ngligt pÌ´ denna diabetesmottagning;TillgÌ_ngligt alla vardagar;Inte tillgÌ_ngligt pÌ´ denna diabetesmottagning;TillgÌ_ngligt alla vardagar;Inte tillgÌ_ngligt pÌ´ denna diabetesmottagning;Inte tillgÌ_ngligt pÌ´ denna diabetesmottagning;Inte tillgÌ_ngligt pÌ´ denna diabetesmottagning;"Mail;Chat/Meddelandefunktion  (via Mina VÌ´rdkontakter)";51;161;67;Nationella riktlinjer;Nationella riktlinjer;Nationella riktlinjer;"Teknisk utbildning (hur man praktiskt anvÌ_nder CGM och hur man tolkar vÌ_rden);Utbildning fÌ¦r att mentalt/kÌ_nslomÌ_ssigt kunna hantera CGM";"Teknisk utbildning (hur man praktiskt anvÌ_nder FGM och hur man tolkar vÌ_rden);Utbildning fÌ¦r att mentalt/kÌ_nslomÌ_ssigt kunna hantera FGM";"Teknisk utbildning (hur man praktiskt anvÌ_nder insulinpump);Utbildning fÌ¦r att mentalt/kÌ_nslomÌ_ssigt kunna hantera insulinpump";Nej;Nej;Nej;Landstinget / Regionen;Kurator;Ja;Ja;Informerar om vad som finns fortlÌ¦pande bÌ´de vid diagnos och vid Ì´terkommande besÌ¦k.;Nej - det Ì_r delat med andra avdelningar pÌ´ sjukhuset;Ja - ibland;DiabetesskÌ¦terska
2017/09/20 9:54:01 AM GMT+2;VÌ_rmlands lÌ_n - Sjukhuset i Arvika;;176;1;;;;;40;176;Det finns inga psykologer knutna till vÌ´r mottagning;Det finns inga beteendevetare knutna till vÌ´r mottagning;Det finns inga kuratorer knutna till vÌ´r mottagning;Nej;Nej;Nej;"Bokat telefonmÌ¦te (diabetesskÌ¦terska/lÌ_kare kontaktar patienten pÌ´ en avtalad telefontid);Jourtelefon (dvs. patienten har mÌ¦jlighet att kontakta vÌ´rden utan att boka tid i fÌ¦rvÌ_g);Chat/Meddelandefunktion  (via Mina VÌ´rdkontakter)";Nej, ingen av ovan nÌ_mnda kontaktvÌ_gar har infÌ¦rts sen januari 2016.;;TillgÌ_ngligt alla vardagar;TillgÌ_ngligt dygnet runt;Inte tillgÌ_ngligt pÌ´ denna diabetesmottagning;Inte tillgÌ_ngligt pÌ´ denna diabetesmottagning;TillgÌ_ngligt dygnet runt;Inte tillgÌ_ngligt pÌ´ denna diabetesmottagning;Inte tillgÌ_ngligt pÌ´ denna diabetesmottagning;Inte tillgÌ_ngligt pÌ´ denna diabetesmottagning;Jourtelefon (dvs. patienten har mÌ¦jlighet att kontakta vÌ´rden utan att boka tid i fÌ¦rvÌ_g);1;80;33;Riktlinijer frÌ´n Landstinget / Regionen;Riktlinijer frÌ´n Landstinget / Regionen;Riktlinijer frÌ´n Landstinget / Regionen;Annan typ av utbildning;Annan typ av utbildning;Annan typ av utbildning;Ja;Nej;Nej;Den egna kliniken;Kurator;Ja;Nej;;Vet ej;Ja - ibland;Kurator
2017/09/20 11:33:31 AM GMT+2;Region SkÌ´ne - Lasarettet Trelleborg;;290;;;;2;;96;130;Det finns inga psykologer knutna till vÌ´r mottagning;Det finns inga beteendevetare knutna till vÌ´r mottagning;1 kurator;Nej;Nej;Nej;"Bokat telefonmÌ¦te (diabetesskÌ¦terska/lÌ_kare kontaktar patienten pÌ´ en avtalad telefontid);Jourtelefon (dvs. patienten har mÌ¦jlighet att kontakta vÌ´rden utan att boka tid i fÌ¦rvÌ_g);Chat/Meddelandefunktion  (via Mina VÌ´rdkontakter)";Nej, ingen av ovan nÌ_mnda kontaktvÌ_gar har infÌ¦rts sen januari 2016.;;TillgÌ_ngligt alla vardagar;TillgÌ_ngligt alla vardagar;Inte tillgÌ_ngligt pÌ´ denna diabetesmottagning;Inte tillgÌ_ngligt pÌ´ denna diabetesmottagning;TillgÌ_ngligt dygnet runt;Inte tillgÌ_ngligt pÌ´ denna diabetesmottagning;Inte tillgÌ_ngligt pÌ´ denna diabetesmottagning;Inte tillgÌ_ngligt pÌ´ denna diabetesmottagning;"Bokat telefonmÌ¦te (diabetesskÌ¦terska/lÌ_kare kontaktar patienten pÌ´ en avtalad telefontid);Jourtelefon (dvs. patienten har mÌ¦jlighet att kontakta vÌ´rden utan att boka tid i fÌ¦rvÌ_g);Chat/Meddelandefunktion  (via Mina VÌ´rdkontakter)";35;125;70;Riktlinijer frÌ´n Landstinget / Regionen;Riktlinijer frÌ´n Landstinget / Regionen;Riktlinijer frÌ´n Landstinget / Regionen;Teknisk utbildning (hur man praktiskt anvÌ_nder CGM och hur man tolkar vÌ_rden);Teknisk utbildning (hur man praktiskt anvÌ_nder FGM och hur man tolkar vÌ_rden);"Teknisk utbildning (hur man praktiskt anvÌ_nder insulinpump);Utbildning fÌ¦r att mentalt/kÌ_nslomÌ_ssigt kunna hantera insulinpump";Nej;Ja;Nej;Den egna kliniken;Kurator;Ja;Nej;;Vet ej;Ja - ibland;Kurator
2017/09/20 2:03:59 PM GMT+2;Mitt landsting/sjukhus finns inte med i listan (ange i nÌ_sta frÌ´ga);Dalarna;220;1;;;;;60;160;Det finns inga psykologer knutna till vÌ´r mottagning;Det finns inga beteendevetare knutna till vÌ´r mottagning;1 kurator;Nej;Ja;Nej;"Bokat telefonmÌ¦te (diabetesskÌ¦terska/lÌ_kare kontaktar patienten pÌ´ en avtalad telefontid);Jourtelefon (dvs. patienten har mÌ¦jlighet att kontakta vÌ´rden utan att boka tid i fÌ¦rvÌ_g);Mail;Chat/Meddelandefunktion  (via Mina VÌ´rdkontakter);Drop-in";"Nej, ingen av ovan nÌ_mnda kontaktvÌ_gar har infÌ¦rts sen januari 2016.;planerar fÌ¦r videobesÌ¦k, allt Ì_r klart, behÌ¦ver infÌ¦randet.";;TillgÌ_ngligt alla vardagar;TillgÌ_ngligt alla vardagar;TillgÌ_ngligt dygnet runt;Inte tillgÌ_ngligt pÌ´ denna diabetesmottagning;TillgÌ_ngligt dygnet runt;Inte tillgÌ_ngligt pÌ´ denna diabetesmottagning;Inte tillgÌ_ngligt pÌ´ denna diabetesmottagning;TillgÌ_ngligt alla vardagar;"Bokat telefonmÌ¦te (diabetesskÌ¦terska/lÌ_kare kontaktar patienten pÌ´ en avtalad telefontid);Jourtelefon (dvs. patienten har mÌ¦jlighet att kontakta vÌ´rden utan att boka tid i fÌ¦rvÌ_g);Chat/Meddelandefunktion  (via Mina VÌ´rdkontakter)";25;95;52;"Sjukhusspecifika riktlinjer;Nationella riktlinjer";"Nationella riktlinjer;Riktlinijer frÌ´n Landstinget / Regionen";"Nationella riktlinjer;Riktlinijer frÌ´n Landstinget / Regionen";"Teknisk utbildning (hur man praktiskt anvÌ_nder CGM och hur man tolkar vÌ_rden);Utbildning fÌ¦r att mentalt/kÌ_nslomÌ_ssigt kunna hantera CGM;Annan typ av utbildning";"Teknisk utbildning (hur man praktiskt anvÌ_nder FGM och hur man tolkar vÌ_rden);Utbildning fÌ¦r att mentalt/kÌ_nslomÌ_ssigt kunna hantera FGM;Annan typ av utbildning";"Teknisk utbildning (hur man praktiskt anvÌ_nder insulinpump);Utbildning fÌ¦r att mentalt/kÌ_nslomÌ_ssigt kunna hantera insulinpump;Annan typ av utbildning";Ja;Ja;Ja;Den egna kliniken;"Psykolog;Kurator;Beteendevetare";Ja;Ja;"? Om patienten inte mÌ´r bra fullfÌ¦ljer vi att kontakter tas med lÌ_mplig kategori. ";Nej - det Ì_r delat med andra avdelningar pÌ´ sjukhuset;Ja - ibland;Beteendevetare
2017/09/20 2:50:04 PM GMT+2;Region SkÌ´ne - Sjukhuset i HÌ_ssleholm;;218;1;;1;;;80;200;Det finns inga psykologer knutna till vÌ´r mottagning;Det finns inga beteendevetare knutna till vÌ´r mottagning;1 kurator;Nej;Ja;nej;"Bokat telefonmÌ¦te (diabetesskÌ¦terska/lÌ_kare kontaktar patienten pÌ´ en avtalad telefontid);Mail;SMS;Chat/Meddelandefunktion  (via Mina VÌ´rdkontakter)";Chat/Meddelandefunktion  (via Mina VÌ´rdkontakter);;TillgÌ_ngligt alla vardagar;Inte tillgÌ_ngligt pÌ´ denna diabetesmottagning;TillgÌ_ngligt alla vardagar;TillgÌ_ngligt alla vardagar;TillgÌ_ngligt alla vardagar;Inte tillgÌ_ngligt pÌ´ denna diabetesmottagning;Inte tillgÌ_ngligt pÌ´ denna diabetesmottagning;TillgÌ_ngligt vissa vardagar;"Mail;SMS;Chat/Meddelandefunktion  (via Mina VÌ´rdkontakter)";10;168;98;"Nationella riktlinjer;Riktlinijer frÌ´n Landstinget / Regionen";"Nationella riktlinjer;Riktlinijer frÌ´n Landstinget / Regionen";"Nationella riktlinjer;Riktlinijer frÌ´n Landstinget / Regionen";Teknisk utbildning (hur man praktiskt anvÌ_nder CGM och hur man tolkar vÌ_rden);Teknisk utbildning (hur man praktiskt anvÌ_nder FGM och hur man tolkar vÌ_rden);Teknisk utbildning (hur man praktiskt anvÌ_nder insulinpump);Nej;Ja;Nej;Den egna kliniken;"Kurator;Annat";Ja;Nej;;Nej - det Ì_r delat med andra avdelningar pÌ´ sjukhuset;Ja - ibland;DiabetesskÌ¦terska
2017/09/20 6:16:56 PM GMT+2;Uppsalas lÌ_n - Akademiska sjukhuset - Uppsala;;1400;4;;;3;3;200;240;1 psykolog;Det finns inga beteendevetare knutna till vÌ´r mottagning;1 kurator;Ja;Ja;Nej ;"Bokat telefonmÌ¦te (diabetesskÌ¦terska/lÌ_kare kontaktar patienten pÌ´ en avtalad telefontid);Jourtelefon (dvs. patienten har mÌ¦jlighet att kontakta vÌ´rden utan att boka tid i fÌ¦rvÌ_g);Chat/Meddelandefunktion  (via Mina VÌ´rdkontakter)";Nej, ingen av ovan nÌ_mnda kontaktvÌ_gar har infÌ¦rts sen januari 2016.;Hade en sÌ_rskild DIABETESAPP men det Ì_r tyvÌ_rr inte i bruk lÌ_ngre;TillgÌ_ngligt vissa vardagar;TillgÌ_ngligt alla vardagar;Inte tillgÌ_ngligt pÌ´ denna diabetesmottagning;Inte tillgÌ_ngligt pÌ´ denna diabetesmottagning;TillgÌ_ngligt alla vardagar;Inte tillgÌ_ngligt pÌ´ denna diabetesmottagning;Inte tillgÌ_ngligt pÌ´ denna diabetesmottagning;Inte tillgÌ_ngligt pÌ´ denna diabetesmottagning;Jourtelefon (dvs. patienten har mÌ¦jlighet att kontakta vÌ´rden utan att boka tid i fÌ¦rvÌ_g);5%;50%;33%;"Nationella riktlinjer;Klinikspecifika riktlinijer";Klinikspecifika riktlinijer;"Nationella riktlinjer;Klinikspecifika riktlinijer";Teknisk utbildning (hur man praktiskt anvÌ_nder CGM och hur man tolkar vÌ_rden);Teknisk utbildning (hur man praktiskt anvÌ_nder FGM och hur man tolkar vÌ_rden);Teknisk utbildning (hur man praktiskt anvÌ_nder insulinpump);Nej;Ja;Nej;Den egna kliniken;"Psykolog;Kurator";Nej;Nej;;Ja;Nej;Annan
2017/09/22 2:06:00 PM GMT+2;Stockholms lÌ_n - Ersta diakoni - Sjukhus;;1000;2;2;;;1;40;350;1 psykolog;Det finns inga beteendevetare knutna till vÌ´r mottagning;Det finns inga kuratorer knutna till vÌ´r mottagning;Nej;Ja;ja vi har samarbete med Saccska ungdomsmottagning med gruppÌ¦verfÌ¦rig till vÌ´r klinik;"Bokat telefonmÌ¦te (diabetesskÌ¦terska/lÌ_kare kontaktar patienten pÌ´ en avtalad telefontid);Chat/Meddelandefunktion  (via Mina VÌ´rdkontakter)";Nej, ingen av ovan nÌ_mnda kontaktvÌ_gar har infÌ¦rts sen januari 2016.;;TillgÌ_ngligt alla vardagar;Inte tillgÌ_ngligt pÌ´ denna diabetesmottagning;Inte tillgÌ_ngligt pÌ´ denna diabetesmottagning;Inte tillgÌ_ngligt pÌ´ denna diabetesmottagning;TillgÌ_ngligt dygnet runt;Inte tillgÌ_ngligt pÌ´ denna diabetesmottagning;Inte tillgÌ_ngligt pÌ´ denna diabetesmottagning;Inte tillgÌ_ngligt pÌ´ denna diabetesmottagning;Bokat telefonmÌ¦te (diabetesskÌ¦terska/lÌ_kare kontaktar patienten pÌ´ en avtalad telefontid);ca 20%;ca 50%;ca 40%;"Nationella riktlinjer;Riktlinijer frÌ´n Landstinget / Regionen";"Nationella riktlinjer;Riktlinijer frÌ´n Landstinget / Regionen";"Nationella riktlinjer;Riktlinijer frÌ´n Landstinget / Regionen";"Teknisk utbildning (hur man praktiskt anvÌ_nder CGM och hur man tolkar vÌ_rden);Utbildning fÌ¦r att mentalt/kÌ_nslomÌ_ssigt kunna hantera CGM";Teknisk utbildning (hur man praktiskt anvÌ_nder FGM och hur man tolkar vÌ_rden);Teknisk utbildning (hur man praktiskt anvÌ_nder insulinpump);Ja;Ja;Nej;Landstinget / Regionen;Psykolog;Ja;Nej;;Nej - det Ì_r delat med andra avdelningar pÌ´ sjukhuset;Ja - ibland;DiabetesskÌ¦terska
2017/09/22 2:28:02 PM GMT+2;Stockholms lÌ_n - Danderyds sjukhus;;1640;;;;;;200;360;Det finns inga psykologer knutna till vÌ´r mottagning;Det finns inga beteendevetare knutna till vÌ´r mottagning;1 kurator;Nej;Nej;ja;"Bokat telefonmÌ¦te (diabetesskÌ¦terska/lÌ_kare kontaktar patienten pÌ´ en avtalad telefontid);Jourtelefon (dvs. patienten har mÌ¦jlighet att kontakta vÌ´rden utan att boka tid i fÌ¦rvÌ_g);Chat/Meddelandefunktion  (via Mina VÌ´rdkontakter)";Nej, ingen av ovan nÌ_mnda kontaktvÌ_gar har infÌ¦rts sen januari 2016.;;TillgÌ_ngligt alla vardagar;TillgÌ_ngligt alla vardagar;Inte tillgÌ_ngligt pÌ´ denna diabetesmottagning;Inte tillgÌ_ngligt pÌ´ denna diabetesmottagning;TillgÌ_ngligt alla vardagar;Inte tillgÌ_ngligt pÌ´ denna diabetesmottagning;Inte tillgÌ_ngligt pÌ´ denna diabetesmottagning;TillgÌ_ngligt alla vardagar;"Bokat telefonmÌ¦te (diabetesskÌ¦terska/lÌ_kare kontaktar patienten pÌ´ en avtalad telefontid);Jourtelefon (dvs. patienten har mÌ¦jlighet att kontakta vÌ´rden utan att boka tid i fÌ¦rvÌ_g)";?? ca 50 st;?? ca 600-1000;ca 350-400st;Riktlinijer frÌ´n Landstinget / Regionen;Riktlinijer frÌ´n Landstinget / Regionen;Nationella riktlinjer;Teknisk utbildning (hur man praktiskt anvÌ_nder CGM och hur man tolkar vÌ_rden);Teknisk utbildning (hur man praktiskt anvÌ_nder FGM och hur man tolkar vÌ_rden);"Teknisk utbildning (hur man praktiskt anvÌ_nder insulinpump);Annan typ av utbildning";Ja;Ja;Nej;Landstinget / Regionen;Kurator;Ja;Nej;;Nej - det Ì_r delat med andra avdelningar pÌ´ sjukhuset;Ja - alltid;Kurator
2017/09/22 5:07:41 PM GMT+2;SÌ¦dermanlands lÌ_n - Kullbergska sjukhuset - Katrineholm;;241;3;;;;;100 % varje vecka ca 5 tim Ì¦vertid;498;1 psykolog;Det finns inga beteendevetare knutna till vÌ´r mottagning;1 kurator;Nej;Nej;nej;Bokat telefonmÌ¦te (diabetesskÌ¦terska/lÌ_kare kontaktar patienten pÌ´ en avtalad telefontid);Bokat telefonmÌ¦te (diabetesskÌ¦terska/lÌ_kare kontaktar patienten pÌ´ en avtalad telefontid);;TillgÌ_ngligt alla vardagar;Inte tillgÌ_ngligt pÌ´ denna diabetesmottagning;Inte tillgÌ_ngligt pÌ´ denna diabetesmottagning;Inte tillgÌ_ngligt pÌ´ denna diabetesmottagning;Inte tillgÌ_ngligt pÌ´ denna diabetesmottagning;Inte tillgÌ_ngligt pÌ´ denna diabetesmottagning;Inte tillgÌ_ngligt pÌ´ denna diabetesmottagning;Inte tillgÌ_ngligt pÌ´ denna diabetesmottagning;Bokat telefonmÌ¦te (diabetesskÌ¦terska/lÌ_kare kontaktar patienten pÌ´ en avtalad telefontid);40;168;42;Riktlinijer frÌ´n Landstinget / Regionen;Riktlinijer frÌ´n Landstinget / Regionen;Riktlinijer frÌ´n Landstinget / Regionen;Teknisk utbildning (hur man praktiskt anvÌ_nder CGM och hur man tolkar vÌ_rden);Teknisk utbildning (hur man praktiskt anvÌ_nder FGM och hur man tolkar vÌ_rden);Teknisk utbildning (hur man praktiskt anvÌ_nder insulinpump);Nej;Nej;Nej;Landstinget / Regionen;"Kurator;Annat";Nej;Ja;genom diabetesteammÌ¦ten;Vet ej;Ja - ibland;Kurator
2017/09/25 8:12:47 AM GMT+2;Stockholms lÌ_n - NorrtÌ_lje sjukhus;;230;1;;;;;35;200;Det finns inga psykologer knutna till vÌ´r mottagning;Det finns inga beteendevetare knutna till vÌ´r mottagning;Det finns inga kuratorer knutna till vÌ´r mottagning;Nej;Nej;nej;"Bokat telefonmÌ¦te (diabetesskÌ¦terska/lÌ_kare kontaktar patienten pÌ´ en avtalad telefontid);Jourtelefon (dvs. patienten har mÌ¦jlighet att kontakta vÌ´rden utan att boka tid i fÌ¦rvÌ_g);Chat/Meddelandefunktion  (via Mina VÌ´rdkontakter)";Nej, ingen av ovan nÌ_mnda kontaktvÌ_gar har infÌ¦rts sen januari 2016.;;TillgÌ_ngligt alla vardagar;TillgÌ_ngligt alla vardagar;Inte tillgÌ_ngligt pÌ´ denna diabetesmottagning;Inte tillgÌ_ngligt pÌ´ denna diabetesmottagning;TillgÌ_ngligt dygnet runt;Inte tillgÌ_ngligt pÌ´ denna diabetesmottagning;Inte tillgÌ_ngligt pÌ´ denna diabetesmottagning;Inte tillgÌ_ngligt pÌ´ denna diabetesmottagning;"Bokat telefonmÌ¦te (diabetesskÌ¦terska/lÌ_kare kontaktar patienten pÌ´ en avtalad telefontid);Jourtelefon (dvs. patienten har mÌ¦jlighet att kontakta vÌ´rden utan att boka tid i fÌ¦rvÌ_g);Chat/Meddelandefunktion  (via Mina VÌ´rdkontakter)";25;75;55;Riktlinijer frÌ´n Landstinget / Regionen;Riktlinijer frÌ´n Landstinget / Regionen;Riktlinijer frÌ´n Landstinget / Regionen;"Teknisk utbildning (hur man praktiskt anvÌ_nder CGM och hur man tolkar vÌ_rden);Utbildning fÌ¦r att mentalt/kÌ_nslomÌ_ssigt kunna hantera CGM";"Teknisk utbildning (hur man praktiskt anvÌ_nder FGM och hur man tolkar vÌ_rden);Utbildning fÌ¦r att mentalt/kÌ_nslomÌ_ssigt kunna hantera FGM";"Teknisk utbildning (hur man praktiskt anvÌ_nder insulinpump);Utbildning fÌ¦r att mentalt/kÌ_nslomÌ_ssigt kunna hantera insulinpump;Annan typ av utbildning";Ja;Ja;Nej;Landstinget / Regionen;Inget;Ja;Nej;;Vi erbjuder inget psykosocialt stÌ¦d;Ja - ibland;Annan
2017/09/25 9:15:38 AM GMT+2;Stockholms lÌ_n - S:t GÌ¦rans sjukhus;;1200;7;;;;;190;300;Det finns inga psykologer knutna till vÌ´r mottagning;Det finns inga beteendevetare knutna till vÌ´r mottagning;1 kurator;Nej;Nej;nej;"Bokat telefonmÌ¦te (diabetesskÌ¦terska/lÌ_kare kontaktar patienten pÌ´ en avtalad telefontid);SMS;Chat/Meddelandefunktion  (via Mina VÌ´rdkontakter);VideobesÌ¦k;Drop-in";VideobesÌ¦k;nej;TillgÌ_ngligt alla vardagar;Inte tillgÌ_ngligt pÌ´ denna diabetesmottagning;Inte tillgÌ_ngligt pÌ´ denna diabetesmottagning;Inte tillgÌ_ngligt pÌ´ denna diabetesmottagning;TillgÌ_ngligt dygnet runt;Inte tillgÌ_ngligt pÌ´ denna diabetesmottagning;TillgÌ_ngligt alla vardagar;TillgÌ_ngligt alla vardagar;"Bokat telefonmÌ¦te (diabetesskÌ¦terska/lÌ_kare kontaktar patienten pÌ´ en avtalad telefontid);Chat/Meddelandefunktion  (via Mina VÌ´rdkontakter);VideobesÌ¦k;Drop-in-besÌ¦k pÌ´ diabetesmottagningen";Kan i dagslÌ_get inte uppskatta pga att mottagningen Ì_r under ombyggnad.;Kan i dagslÌ_get inte uppskatta pga ombyggnad av mottagningen .;240;Riktlinijer frÌ´n Landstinget / Regionen;Riktlinijer frÌ´n Landstinget / Regionen;Nationella riktlinjer;Teknisk utbildning (hur man praktiskt anvÌ_nder CGM och hur man tolkar vÌ_rden);Teknisk utbildning (hur man praktiskt anvÌ_nder FGM och hur man tolkar vÌ_rden);"Teknisk utbildning (hur man praktiskt anvÌ_nder insulinpump);Utbildning fÌ¦r att mentalt/kÌ_nslomÌ_ssigt kunna hantera insulinpump;Annan typ av utbildning";Ja;Ja;Nej;Landstinget / Regionen;Kurator;Ja;Ja;Kontaktar Kurator.;Vet ej;Nej;DiabetesskÌ¦terska
2017/09/25 10:55:48 AM GMT+2;Stockholms lÌ_n - Karolinska Universitetssjukhuset;;1220;3;;;;2;212;350;Det finns inga psykologer knutna till vÌ´r mottagning;1 beteendevetare;1 kurator;Ja;Ja;Ja vi har Ì¦vergÌ´ngsmÌ¦ten med personal bÌ´de frÌ´n barn och vuxen med info och liten fÌ¦relÌ_sning;"Bokat telefonmÌ¦te (diabetesskÌ¦terska/lÌ_kare kontaktar patienten pÌ´ en avtalad telefontid);Mail;Chat/Meddelandefunktion  (via Mina VÌ´rdkontakter);VideobesÌ¦k";VideobesÌ¦k;;TillgÌ_ngligt dygnet runt;Inte tillgÌ_ngligt pÌ´ denna diabetesmottagning;TillgÌ_ngligt dygnet runt;Inte tillgÌ_ngligt pÌ´ denna diabetesmottagning;TillgÌ_ngligt dygnet runt;Inte tillgÌ_ngligt pÌ´ denna diabetesmottagning;TillgÌ_ngligt alla vardagar;Inte tillgÌ_ngligt pÌ´ denna diabetesmottagning;"Bokat telefonmÌ¦te (diabetesskÌ¦terska/lÌ_kare kontaktar patienten pÌ´ en avtalad telefontid);Chat/Meddelandefunktion  (via Mina VÌ´rdkontakter)";353;264;332;Riktlinijer frÌ´n Landstinget / Regionen;Riktlinijer frÌ´n Landstinget / Regionen;Riktlinijer frÌ´n Landstinget / Regionen;Teknisk utbildning (hur man praktiskt anvÌ_nder CGM och hur man tolkar vÌ_rden);Teknisk utbildning (hur man praktiskt anvÌ_nder FGM och hur man tolkar vÌ_rden);"Teknisk utbildning (hur man praktiskt anvÌ_nder insulinpump);Annan typ av utbildning";Ja;Ja;Nej;Landstinget / Regionen;"Kurator;Annat";Ja;Nej;Information enskilt vid behov, speciella stresshanteringsdagar som alla med typ ett erbjuds.;Vet ej;Ja - alltid;Annan
2017/09/25 10:58:36 AM GMT+2;Kalmars lÌ_n - LÌ_nssjukhuset i Kalmar;;557;3;;2;;1;160;140;Det finns inga psykologer knutna till vÌ´r mottagning;Det finns inga beteendevetare knutna till vÌ´r mottagning;1 kurator;Ja;Ja;Info mtrl, tÌ_ta besÌ¦k fÌ¦rsta Ì´ren, trÌ_ffa alla i teamet fÌ¦rsta Ì´ret;"Bokat telefonmÌ¦te (diabetesskÌ¦terska/lÌ_kare kontaktar patienten pÌ´ en avtalad telefontid);Jourtelefon (dvs. patienten har mÌ¦jlighet att kontakta vÌ´rden utan att boka tid i fÌ¦rvÌ_g);Mail;Chat/Meddelandefunktion  (via Mina VÌ´rdkontakter)";Vi har haft dessa kontaktvÌ_gar sedan flera Ì´r.;;TillgÌ_ngligt alla vardagar;TillgÌ_ngligt alla vardagar;TillgÌ_ngligt alla vardagar;Inte tillgÌ_ngligt pÌ´ denna diabetesmottagning;TillgÌ_ngligt alla vardagar;Inte tillgÌ_ngligt pÌ´ denna diabetesmottagning;Inte tillgÌ_ngligt pÌ´ denna diabetesmottagning;Inte tillgÌ_ngligt pÌ´ denna diabetesmottagning;"Jourtelefon (dvs. patienten har mÌ¦jlighet att kontakta vÌ´rden utan att boka tid i fÌ¦rvÌ_g);Chat/Meddelandefunktion  (via Mina VÌ´rdkontakter)";32;307;148;"Klinikspecifika riktlinijer;Riktlinijer frÌ´n Landstinget / Regionen";"Nationella riktlinjer;Klinikspecifika riktlinijer;Riktlinijer frÌ´n Landstinget / Regionen";"Nationella riktlinjer;Klinikspecifika riktlinijer";Teknisk utbildning (hur man praktiskt anvÌ_nder CGM och hur man tolkar vÌ_rden);Teknisk utbildning (hur man praktiskt anvÌ_nder FGM och hur man tolkar vÌ_rden);Teknisk utbildning (hur man praktiskt anvÌ_nder insulinpump);Nej;Nej;Nej;Den egna kliniken;Kurator;Nej;Ja;IngÌ´r bla vid Ì¦vertag frÌ´n barnmottagningen. ;Nej - det Ì_r delat med andra avdelningar pÌ´ sjukhuset;Ja - ibland;Kurator
2017/09/25 1:48:36 PM GMT+2;JÌ¦nkÌ¦pings lÌ_n - VÌ_rnamo sjukhus;;437;1;;;;;80;145;Det finns inga psykologer knutna till vÌ´r mottagning;Det finns inga beteendevetare knutna till vÌ´r mottagning;1 kurator;Nej;Ja;ÌĞvergÌ´ngsmÌ¦ten ibland. Planerar fÌ¦r grupputbildning fÌ¦r unga vuxna med dysreglerad diabetes.;"Bokat telefonmÌ¦te (diabetesskÌ¦terska/lÌ_kare kontaktar patienten pÌ´ en avtalad telefontid);Jourtelefon (dvs. patienten har mÌ¦jlighet att kontakta vÌ´rden utan att boka tid i fÌ¦rvÌ_g);Chat/Meddelandefunktion  (via Mina VÌ´rdkontakter);Drop-in";Nej, ingen av ovan nÌ_mnda kontaktvÌ_gar har infÌ¦rts sen januari 2016.;;TillgÌ_ngligt alla vardagar;TillgÌ_ngligt alla vardagar;Inte tillgÌ_ngligt pÌ´ denna diabetesmottagning;Inte tillgÌ_ngligt pÌ´ denna diabetesmottagning;TillgÌ_ngligt alla vardagar;Inte tillgÌ_ngligt pÌ´ denna diabetesmottagning;Inte tillgÌ_ngligt pÌ´ denna diabetesmottagning;TillgÌ_ngligt alla vardagar;Bokat telefonmÌ¦te (diabetesskÌ¦terska/lÌ_kare kontaktar patienten pÌ´ en avtalad telefontid);42;274;112;"Nationella riktlinjer;Riktlinijer frÌ´n Landstinget / Regionen";Riktlinijer frÌ´n Landstinget / Regionen;Nationella riktlinjer;"Teknisk utbildning (hur man praktiskt anvÌ_nder CGM och hur man tolkar vÌ_rden);Utbildning fÌ¦r att mentalt/kÌ_nslomÌ_ssigt kunna hantera CGM";"Teknisk utbildning (hur man praktiskt anvÌ_nder FGM och hur man tolkar vÌ_rden);Utbildning fÌ¦r att mentalt/kÌ_nslomÌ_ssigt kunna hantera FGM";"Teknisk utbildning (hur man praktiskt anvÌ_nder insulinpump);Utbildning fÌ¦r att mentalt/kÌ_nslomÌ_ssigt kunna hantera insulinpump";Nej;Nej;Nej;Den egna kliniken;"Psykolog;Kurator";Ja;Nej;;Nej - det Ì_r delat med andra avdelningar pÌ´ sjukhuset;Ja - ibland;Kurator
2017/09/25 4:23:16 PM GMT+2;Kronobergs lÌ_n - Centrallasarettet VÌ_xjÌ¦;;828;;;;2;6;175;;Det finns inga psykologer knutna till vÌ´r mottagning;1 beteendevetare;Det finns inga kuratorer knutna till vÌ´r mottagning;Ja;Ja;ÌĞvergÌ´ngsmÌ¦ten vid behov. Pausat en period. Enstaka gemensamma fortbildningar.;"Bokat telefonmÌ¦te (diabetesskÌ¦terska/lÌ_kare kontaktar patienten pÌ´ en avtalad telefontid);Jourtelefon (dvs. patienten har mÌ¦jlighet att kontakta vÌ´rden utan att boka tid i fÌ¦rvÌ_g);Mail;Chat/Meddelandefunktion  (via Mina VÌ´rdkontakter)";Nej, ingen av ovan nÌ_mnda kontaktvÌ_gar har infÌ¦rts sen januari 2016.;;TillgÌ_ngligt alla vardagar;TillgÌ_ngligt alla vardagar;TillgÌ_ngligt alla vardagar;Inte tillgÌ_ngligt pÌ´ denna diabetesmottagning;TillgÌ_ngligt alla vardagar;Inte tillgÌ_ngligt pÌ´ denna diabetesmottagning;Inte tillgÌ_ngligt pÌ´ denna diabetesmottagning;Inte tillgÌ_ngligt pÌ´ denna diabetesmottagning;"Bokat telefonmÌ¦te (diabetesskÌ¦terska/lÌ_kare kontaktar patienten pÌ´ en avtalad telefontid);Jourtelefon (dvs. patienten har mÌ¦jlighet att kontakta vÌ´rden utan att boka tid i fÌ¦rvÌ_g);Mail";ca 60-70;ca 600;ca 150;Sjukhusspecifika riktlinjer;Sjukhusspecifika riktlinjer;Sjukhusspecifika riktlinjer;"Teknisk utbildning (hur man praktiskt anvÌ_nder CGM och hur man tolkar vÌ_rden);Annan typ av utbildning";"Teknisk utbildning (hur man praktiskt anvÌ_nder FGM och hur man tolkar vÌ_rden);Annan typ av utbildning";"Teknisk utbildning (hur man praktiskt anvÌ_nder insulinpump);Annan typ av utbildning";Ja;Nej;Nej;Den egna kliniken;Beteendevetare;Ja;Nej;;Nej - det Ì_r delat med andra avdelningar pÌ´ sjukhuset;Nej;Annan
2017/09/25 4:45:10 PM GMT+2;VÌ_stmanlands lÌ_n - Centrallasarettet i VÌ_sterÌ´s;;870;1;2;1;1;2;150;280;Det finns inga psykologer knutna till vÌ´r mottagning;Det finns inga beteendevetare knutna till vÌ´r mottagning;1 kurator;Ja;Ja;ÌÉrliga trÌ_far, strukturerade remisser vid Ì¦vertag dÌ_r vi kommit Ì¦verens om vad de ska innehÌ´lla. Tidigare trÌ_ffades vi fÌ¦r att rapportera pat men detta gav inte sÌ´ mycket mer. Vi har Ì_ven testat gemensamt mÌ¦te, kÌ_ndes mest konstigt . Vi har grupputbildning fÌ¦r unga med relativt nydiagnosticerad diabetes eller som kommer Ì¦ver frÌ´n barnkliniken. Pratar om bland annat graviditet och komplikationer, fÌ¦rebyggande behandling. ;"Bokat telefonmÌ¦te (diabetesskÌ¦terska/lÌ_kare kontaktar patienten pÌ´ en avtalad telefontid);Jourtelefon (dvs. patienten har mÌ¦jlighet att kontakta vÌ´rden utan att boka tid i fÌ¦rvÌ_g);Chat/Meddelandefunktion  (via Mina VÌ´rdkontakter)";Nej, ingen av ovan nÌ_mnda kontaktvÌ_gar har infÌ¦rts sen januari 2016.;;TillgÌ_ngligt alla vardagar;TillgÌ_ngligt alla vardagar;TillgÌ_ngligt vissa vardagar;Inte tillgÌ_ngligt pÌ´ denna diabetesmottagning;TillgÌ_ngligt alla vardagar;Inte tillgÌ_ngligt pÌ´ denna diabetesmottagning;Inte tillgÌ_ngligt pÌ´ denna diabetesmottagning;Inte tillgÌ_ngligt pÌ´ denna diabetesmottagning;"Bokat telefonmÌ¦te (diabetesskÌ¦terska/lÌ_kare kontaktar patienten pÌ´ en avtalad telefontid);Chat/Meddelandefunktion  (via Mina VÌ´rdkontakter)";30;225;21,2% 168 st;Nationella riktlinjer;Nationella riktlinjer;Nationella riktlinjer;Teknisk utbildning (hur man praktiskt anvÌ_nder CGM och hur man tolkar vÌ_rden);Teknisk utbildning (hur man praktiskt anvÌ_nder FGM och hur man tolkar vÌ_rden);Teknisk utbildning (hur man praktiskt anvÌ_nder insulinpump);Ja;Ja;Nej;Den egna kliniken;Kurator;Ja;Nej;;Nej - det Ì_r delat med andra avdelningar pÌ´ sjukhuset;Ja - ibland;DiabetesskÌ¦terska
2017/09/26 1:51:53 PM GMT+2;SÌ¦dermanlands lÌ_n - MÌ_larsjukhuset - Eskilstuna;;727;1;2;1;;;154;220;Det finns inga psykologer knutna till vÌ´r mottagning;Det finns inga beteendevetare knutna till vÌ´r mottagning;1 kurator;Ja;Ja;Ja.;"Bokat telefonmÌ¦te (diabetesskÌ¦terska/lÌ_kare kontaktar patienten pÌ´ en avtalad telefontid);Chat/Meddelandefunktion  (via Mina VÌ´rdkontakter)";Nej, ingen av ovan nÌ_mnda kontaktvÌ_gar har infÌ¦rts sen januari 2016.;Nej.;TillgÌ_ngligt alla vardagar;Inte tillgÌ_ngligt pÌ´ denna diabetesmottagning;Inte tillgÌ_ngligt pÌ´ denna diabetesmottagning;Inte tillgÌ_ngligt pÌ´ denna diabetesmottagning;TillgÌ_ngligt dygnet runt;Inte tillgÌ_ngligt pÌ´ denna diabetesmottagning;Inte tillgÌ_ngligt pÌ´ denna diabetesmottagning;Inte tillgÌ_ngligt pÌ´ denna diabetesmottagning;Bokat telefonmÌ¦te (diabetesskÌ¦terska/lÌ_kare kontaktar patienten pÌ´ en avtalad telefontid);350;75;170;Riktlinijer frÌ´n Landstinget / Regionen;Riktlinijer frÌ´n Landstinget / Regionen;Riktlinijer frÌ´n Landstinget / Regionen;"Teknisk utbildning (hur man praktiskt anvÌ_nder CGM och hur man tolkar vÌ_rden);Annan typ av utbildning";"Teknisk utbildning (hur man praktiskt anvÌ_nder FGM och hur man tolkar vÌ_rden);Annan typ av utbildning";"Teknisk utbildning (hur man praktiskt anvÌ_nder insulinpump);Annan typ av utbildning";Nej;Nej;Nej;Landstinget / Regionen;Kurator;Ja;Nej;;Nej - det Ì_r delat med andra avdelningar pÌ´ sjukhuset;Ja - ibland;DiabetesskÌ¦terska
2017/09/26 3:27:36 PM GMT+2;Stockholms lÌ_n - SÌ¦dersjukhuset;;2100;;;8+;;3;150;375;Det finns inga psykologer knutna till vÌ´r mottagning;Det finns inga beteendevetare knutna till vÌ´r mottagning;1 kurator;Ja;Ja;nej;"Bokat telefonmÌ¦te (diabetesskÌ¦terska/lÌ_kare kontaktar patienten pÌ´ en avtalad telefontid);Chat/Meddelandefunktion  (via Mina VÌ´rdkontakter)";"Jourtelefon (dvs. patienten har mÌ¦jlighet att kontakta vÌ´rden utan att boka tid i fÌ¦rvÌ_g);Nej, ingen av ovan nÌ_mnda kontaktvÌ_gar har infÌ¦rts sen januari 2016.";;TillgÌ_ngligt alla vardagar;TillgÌ_ngligt alla vardagar;Inte tillgÌ_ngligt pÌ´ denna diabetesmottagning;Inte tillgÌ_ngligt pÌ´ denna diabetesmottagning;TillgÌ_ngligt dygnet runt;Inte tillgÌ_ngligt pÌ´ denna diabetesmottagning;Inte tillgÌ_ngligt pÌ´ denna diabetesmottagning;Inte tillgÌ_ngligt pÌ´ denna diabetesmottagning;"Bokat telefonmÌ¦te (diabetesskÌ¦terska/lÌ_kare kontaktar patienten pÌ´ en avtalad telefontid);Chat/Meddelandefunktion  (via Mina VÌ´rdkontakter)";200;600;400;Riktlinijer frÌ´n Landstinget / Regionen;Riktlinijer frÌ´n Landstinget / Regionen;"Klinikspecifika riktlinijer;Riktlinijer frÌ´n Landstinget / Regionen";"Teknisk utbildning (hur man praktiskt anvÌ_nder CGM och hur man tolkar vÌ_rden);Annan typ av utbildning";"Teknisk utbildning (hur man praktiskt anvÌ_nder FGM och hur man tolkar vÌ_rden);Annan typ av utbildning";"Teknisk utbildning (hur man praktiskt anvÌ_nder insulinpump);Utbildning fÌ¦r att mentalt/kÌ_nslomÌ_ssigt kunna hantera insulinpump;Annan typ av utbildning";Ja;Ja;Nej;Landstinget / Regionen;"Kurator;Annat";Ja;Nej;;Nej - det Ì_r delat med andra avdelningar pÌ´ sjukhuset;Ja - ibland;DiabetesskÌ¦terska
2017/09/26 4:09:09 PM GMT+2;Region Gotland - Visby lasarett;;350;;;1;;2;77;200;Det finns inga psykologer knutna till vÌ´r mottagning;Det finns inga beteendevetare knutna till vÌ´r mottagning;1 kurator;Ja;Ja;FÌ¦rsÌ¦ker ha pumptrÌ_ffar. Gemensam individuella Ì¦vergÌ´ng bar /vuxen tillsammans fÌ¦rsta gÌ´ngen och visar runt;"Bokat telefonmÌ¦te (diabetesskÌ¦terska/lÌ_kare kontaktar patienten pÌ´ en avtalad telefontid);Mail;SMS;Drop-in";Mina vÌ´rdkontakter 1177;;TillgÌ_ngligt alla vardagar;Inte tillgÌ_ngligt pÌ´ denna diabetesmottagning;TillgÌ_ngligt alla vardagar;TillgÌ_ngligt alla vardagar;TillgÌ_ngligt alla vardagar;Inte tillgÌ_ngligt pÌ´ denna diabetesmottagning;Inte tillgÌ_ngligt pÌ´ denna diabetesmottagning;TillgÌ_ngligt alla vardagar;"Bokat telefonmÌ¦te (diabetesskÌ¦terska/lÌ_kare kontaktar patienten pÌ´ en avtalad telefontid);Mail;SMS";ca 45;140;100;"Nationella riktlinjer;Klinikspecifika riktlinijer";"Sjukhusspecifika riktlinjer;Nationella riktlinjer";"Nationella riktlinjer;Klinikspecifika riktlinijer";"Teknisk utbildning (hur man praktiskt anvÌ_nder CGM och hur man tolkar vÌ_rden);Utbildning fÌ¦r att mentalt/kÌ_nslomÌ_ssigt kunna hantera CGM";Teknisk utbildning (hur man praktiskt anvÌ_nder FGM och hur man tolkar vÌ_rden);Mottagningen ansvarar inte fÌ¦r patientutbildning kring anvÌ_ndandet av insulinpump;Nej;Ja;Nej;Landstinget / Regionen;Kurator;Ja;Vet inte;Delvis remiss, mail , telefon eller lÌ_mnar visitkort;Ja;Nej;Annan
2017/09/27 8:11:32 AM GMT+2;Dalarnas lÌ_n - Mora lasarett;;250;;;;;;100;120;Det finns inga psykologer knutna till vÌ´r mottagning;Det finns inga beteendevetare knutna till vÌ´r mottagning;Det finns inga kuratorer knutna till vÌ´r mottagning;Nej;Ja;nej;"Bokat telefonmÌ¦te (diabetesskÌ¦terska/lÌ_kare kontaktar patienten pÌ´ en avtalad telefontid);Jourtelefon (dvs. patienten har mÌ¦jlighet att kontakta vÌ´rden utan att boka tid i fÌ¦rvÌ_g);Mail;Chat/Meddelandefunktion  (via Mina VÌ´rdkontakter);Drop-in";Nej, ingen av ovan nÌ_mnda kontaktvÌ_gar har infÌ¦rts sen januari 2016.;;TillgÌ_ngligt alla vardagar;TillgÌ_ngligt alla vardagar;TillgÌ_ngligt alla vardagar;Inte tillgÌ_ngligt pÌ´ denna diabetesmottagning;TillgÌ_ngligt alla vardagar;Inte tillgÌ_ngligt pÌ´ denna diabetesmottagning;Inte tillgÌ_ngligt pÌ´ denna diabetesmottagning;TillgÌ_ngligt alla vardagar;"Bokat telefonmÌ¦te (diabetesskÌ¦terska/lÌ_kare kontaktar patienten pÌ´ en avtalad telefontid);Mail";ca15%;ca80%;ca 30%;"Nationella riktlinjer;Riktlinijer frÌ´n Landstinget / Regionen";"Nationella riktlinjer;Riktlinijer frÌ´n Landstinget / Regionen";"Nationella riktlinjer;Riktlinijer frÌ´n Landstinget / Regionen";"Teknisk utbildning (hur man praktiskt anvÌ_nder CGM och hur man tolkar vÌ_rden);Utbildning fÌ¦r att mentalt/kÌ_nslomÌ_ssigt kunna hantera CGM";"Teknisk utbildning (hur man praktiskt anvÌ_nder FGM och hur man tolkar vÌ_rden);Utbildning fÌ¦r att mentalt/kÌ_nslomÌ_ssigt kunna hantera FGM";"Teknisk utbildning (hur man praktiskt anvÌ_nder insulinpump);Utbildning fÌ¦r att mentalt/kÌ_nslomÌ_ssigt kunna hantera insulinpump;Annan typ av utbildning";Nej;Nej;Nej;Den egna kliniken;"Psykolog;Kurator";Ja;Nej;;Nej - det Ì_r delat med andra avdelningar pÌ´ sjukhuset;Ja - ibland;DiabetesskÌ¦terska
2017/09/28 10:32:48 AM GMT+2;VÌ_sterbottens lÌ_n -Norrlands universitetssjukhus - Nus UmeÌ´;;800;;2;3;1;1;120;350;Det finns inga psykologer knutna till vÌ´r mottagning;Det finns inga beteendevetare knutna till vÌ´r mottagning;1 kurator;Ja;Ja;ja;"Bokat telefonmÌ¦te (diabetesskÌ¦terska/lÌ_kare kontaktar patienten pÌ´ en avtalad telefontid);Jourtelefon (dvs. patienten har mÌ¦jlighet att kontakta vÌ´rden utan att boka tid i fÌ¦rvÌ_g);Mail;Chat/Meddelandefunktion  (via Mina VÌ´rdkontakter);Drop-in";Nej, ingen av ovan nÌ_mnda kontaktvÌ_gar har infÌ¦rts sen januari 2016.;;TillgÌ_ngligt alla vardagar;TillgÌ_ngligt alla vardagar;Inte tillgÌ_ngligt pÌ´ denna diabetesmottagning;Inte tillgÌ_ngligt pÌ´ denna diabetesmottagning;TillgÌ_ngligt alla vardagar;Inte tillgÌ_ngligt pÌ´ denna diabetesmottagning;Inte tillgÌ_ngligt pÌ´ denna diabetesmottagning;TillgÌ_ngligt alla vardagar;"Bokat telefonmÌ¦te (diabetesskÌ¦terska/lÌ_kare kontaktar patienten pÌ´ en avtalad telefontid);Chat/Meddelandefunktion  (via Mina VÌ´rdkontakter)";88;356;186;"Nationella riktlinjer;Klinikspecifika riktlinijer;Riktlinijer frÌ´n Landstinget / Regionen";"Nationella riktlinjer;Klinikspecifika riktlinijer;Riktlinijer frÌ´n Landstinget / Regionen";"Nationella riktlinjer;Klinikspecifika riktlinijer";"Teknisk utbildning (hur man praktiskt anvÌ_nder CGM och hur man tolkar vÌ_rden);Utbildning fÌ¦r att mentalt/kÌ_nslomÌ_ssigt kunna hantera CGM";"Teknisk utbildning (hur man praktiskt anvÌ_nder FGM och hur man tolkar vÌ_rden);Utbildning fÌ¦r att mentalt/kÌ_nslomÌ_ssigt kunna hantera FGM";"Teknisk utbildning (hur man praktiskt anvÌ_nder insulinpump);Utbildning fÌ¦r att mentalt/kÌ_nslomÌ_ssigt kunna hantera insulinpump";Ja;Nej;Nej;Den egna kliniken;Kurator;Ja;Ja;Vid Ì¦verfÌ¦ring frÌ´n barn klinik eller Ì¦verflyttningar frÌ´n andra sjukhus sÌ´ trÌ_ffar alla hela teamets olika personalkategorier.;Ja;Ja - alltid;Kurator
2017/09/29 11:25:41 AM GMT+2;Stockholms lÌ_n - SÌ¦dertÌ_lje sjukhus;;250;;;;4;;80;200;Det finns inga psykologer knutna till vÌ´r mottagning;Det finns inga beteendevetare knutna till vÌ´r mottagning;1 kurator;Nej;Ja;Kontaktar den unga vuxna per telefon sÌ´ snart remiss fÌ¦r Ì¦vertagning inkommit till kliniken fÌ¦r att hÌ_lsa vÌ_lkommen och informera om att vi finns, och vem/vilka dem kan kontakta vid behov innan besÌ¦ket Ì_r bokat. ;"Bokat telefonmÌ¦te (diabetesskÌ¦terska/lÌ_kare kontaktar patienten pÌ´ en avtalad telefontid);Jourtelefon (dvs. patienten har mÌ¦jlighet att kontakta vÌ´rden utan att boka tid i fÌ¦rvÌ_g);SMS;Chat/Meddelandefunktion  (via Mina VÌ´rdkontakter);Drop-in";Chat/Meddelandefunktion  (via Mina VÌ´rdkontakter);;TillgÌ_ngligt alla vardagar;TillgÌ_ngligt alla vardagar;Inte tillgÌ_ngligt pÌ´ denna diabetesmottagning;TillgÌ_ngligt alla vardagar;TillgÌ_ngligt alla vardagar;Inte tillgÌ_ngligt pÌ´ denna diabetesmottagning;Inte tillgÌ_ngligt pÌ´ denna diabetesmottagning;TillgÌ_ngligt alla vardagar;"Bokat telefonmÌ¦te (diabetesskÌ¦terska/lÌ_kare kontaktar patienten pÌ´ en avtalad telefontid);Jourtelefon (dvs. patienten har mÌ¦jlighet att kontakta vÌ´rden utan att boka tid i fÌ¦rvÌ_g);Chat/Meddelandefunktion  (via Mina VÌ´rdkontakter)";39;108;32;Riktlinijer frÌ´n Landstinget / Regionen;Riktlinijer frÌ´n Landstinget / Regionen;Nationella riktlinjer;"Teknisk utbildning (hur man praktiskt anvÌ_nder CGM och hur man tolkar vÌ_rden);Utbildning fÌ¦r att mentalt/kÌ_nslomÌ_ssigt kunna hantera CGM";"Teknisk utbildning (hur man praktiskt anvÌ_nder FGM och hur man tolkar vÌ_rden);Utbildning fÌ¦r att mentalt/kÌ_nslomÌ_ssigt kunna hantera FGM";"Teknisk utbildning (hur man praktiskt anvÌ_nder insulinpump);Utbildning fÌ¦r att mentalt/kÌ_nslomÌ_ssigt kunna hantera insulinpump";Nej;Nej;Nej;Landstinget / Regionen;Kurator;Ja;Vet inte;;Nej - det Ì_r delat med andra avdelningar pÌ´ sjukhuset;Ja - ibland;DiabetesskÌ¦terska
2017/10/02 11:38:32 AM GMT+2;Dalarnas lÌ_n - Falu lasarett;;900;1;;3;;;150;250;Det finns inga psykologer knutna till vÌ´r mottagning;Det finns inga beteendevetare knutna till vÌ´r mottagning;Det finns inga kuratorer knutna till vÌ´r mottagning;Ja;Ja;nej;"Bokat telefonmÌ¦te (diabetesskÌ¦terska/lÌ_kare kontaktar patienten pÌ´ en avtalad telefontid);Mail;Chat/Meddelandefunktion  (via Mina VÌ´rdkontakter)";Nej, ingen av ovan nÌ_mnda kontaktvÌ_gar har infÌ¦rts sen januari 2016.;"Nej men vill kommentera: Vi har mÌ¦jlighet att lÌ_mna ut mottagningens internummer i vissa fall. Spontana besÌ¦k kan ske av patienten oavsett om vi ""tillÌ´tit"" det eller inte. Vi fÌ´r inte anvÌ_nda annan mejl Ì_n den som sker via 1177. StrÌ_nga order frÌ´n lnadstingets jurist.";TillgÌ_ngligt alla vardagar;Inte tillgÌ_ngligt pÌ´ denna diabetesmottagning;Inte tillgÌ_ngligt pÌ´ denna diabetesmottagning;Inte tillgÌ_ngligt pÌ´ denna diabetesmottagning;TillgÌ_ngligt alla vardagar;Inte tillgÌ_ngligt pÌ´ denna diabetesmottagning;Inte tillgÌ_ngligt pÌ´ denna diabetesmottagning;Inte tillgÌ_ngligt pÌ´ denna diabetesmottagning;"Bokat telefonmÌ¦te (diabetesskÌ¦terska/lÌ_kare kontaktar patienten pÌ´ en avtalad telefontid);Chat/Meddelandefunktion  (via Mina VÌ´rdkontakter)";ca 130;ca 420;ca 260;Nationella riktlinjer;Riktlinijer frÌ´n Landstinget / Regionen;Nationella riktlinjer;Teknisk utbildning (hur man praktiskt anvÌ_nder CGM och hur man tolkar vÌ_rden);Teknisk utbildning (hur man praktiskt anvÌ_nder FGM och hur man tolkar vÌ_rden);"Teknisk utbildning (hur man praktiskt anvÌ_nder insulinpump);Annan typ av utbildning";Nej;Nej;Nej;Den egna kliniken;"Kurator;Inget";Ja;Nej;;Nej - det Ì_r delat med andra avdelningar pÌ´ sjukhuset;Ja - ibland;DiabetesskÌ¦terska
2017/10/03 9:55:02 AM GMT+2;VÌ_sterbottens lÌ_n - Lycksele lasarett;;125;;;;;2;30;125;Det finns inga psykologer knutna till vÌ´r mottagning;Det finns inga beteendevetare knutna till vÌ´r mottagning;1 kurator;Nej;Ja;nej;"Bokat telefonmÌ¦te (diabetesskÌ¦terska/lÌ_kare kontaktar patienten pÌ´ en avtalad telefontid);Jourtelefon (dvs. patienten har mÌ¦jlighet att kontakta vÌ´rden utan att boka tid i fÌ¦rvÌ_g);Mail;Chat/Meddelandefunktion  (via Mina VÌ´rdkontakter);Drop-in";Chat/Meddelandefunktion  (via Mina VÌ´rdkontakter);;TillgÌ_ngligt vissa vardagar;TillgÌ_ngligt vissa vardagar;TillgÌ_ngligt vissa vardagar;Inte tillgÌ_ngligt pÌ´ denna diabetesmottagning;TillgÌ_ngligt vissa vardagar;Inte tillgÌ_ngligt pÌ´ denna diabetesmottagning;Inte tillgÌ_ngligt pÌ´ denna diabetesmottagning;TillgÌ_ngligt vissa vardagar;"Jourtelefon (dvs. patienten har mÌ¦jlighet att kontakta vÌ´rden utan att boka tid i fÌ¦rvÌ_g);Mail;Chat/Meddelandefunktion  (via Mina VÌ´rdkontakter)";7;86;18;Nationella riktlinjer;Nationella riktlinjer;Nationella riktlinjer;"Teknisk utbildning (hur man praktiskt anvÌ_nder CGM och hur man tolkar vÌ_rden);Utbildning fÌ¦r att mentalt/kÌ_nslomÌ_ssigt kunna hantera CGM";"Teknisk utbildning (hur man praktiskt anvÌ_nder FGM och hur man tolkar vÌ_rden);Utbildning fÌ¦r att mentalt/kÌ_nslomÌ_ssigt kunna hantera FGM";"Teknisk utbildning (hur man praktiskt anvÌ_nder insulinpump);Utbildning fÌ¦r att mentalt/kÌ_nslomÌ_ssigt kunna hantera insulinpump";Nej;Nej;Nej;Den egna kliniken;Kurator;Ja;Ja;Visitkort med kontaktinfo till alla i Diabetesteamet inklusive kurator. Detta meddelar diabetesskÌ¦terskan vid varje mottagningsbesÌ¦k.;Vet ej;Ja - alltid;Kurator
2017/10/03 12:58:19 PM GMT+2;ÌĞrebros lÌ_n - Karlskoga lasarett;;280;;;1;;2;En heltid och en deltid;200;Det finns inga psykologer knutna till vÌ´r mottagning;Det finns inga beteendevetare knutna till vÌ´r mottagning;1 kurator;Nej;Ja;Ja, och ett pÌ´gÌ´ende projekt fÌ¦r att fÌ¦rbÌ_ttra Ì¦verfÌ¦ringen frÌ´n barn till vuxen.;"Bokat telefonmÌ¦te (diabetesskÌ¦terska/lÌ_kare kontaktar patienten pÌ´ en avtalad telefontid);Jourtelefon (dvs. patienten har mÌ¦jlighet att kontakta vÌ´rden utan att boka tid i fÌ¦rvÌ_g);Mail;SMS;Drop-in";Drop-in;;TillgÌ_ngligt dygnet runt;TillgÌ_ngligt alla vardagar;TillgÌ_ngligt alla vardagar;Inte tillgÌ_ngligt pÌ´ denna diabetesmottagning;Inte tillgÌ_ngligt pÌ´ denna diabetesmottagning;Inte tillgÌ_ngligt pÌ´ denna diabetesmottagning;Inte tillgÌ_ngligt pÌ´ denna diabetesmottagning;TillgÌ_ngligt alla vardagar;"Bokat telefonmÌ¦te (diabetesskÌ¦terska/lÌ_kare kontaktar patienten pÌ´ en avtalad telefontid);Mail;Chat/Meddelandefunktion  (via Mina VÌ´rdkontakter)";30%;40%;21%;Riktlinijer frÌ´n Landstinget / Regionen;Riktlinijer frÌ´n Landstinget / Regionen;Riktlinijer frÌ´n Landstinget / Regionen;Teknisk utbildning (hur man praktiskt anvÌ_nder CGM och hur man tolkar vÌ_rden);Teknisk utbildning (hur man praktiskt anvÌ_nder FGM och hur man tolkar vÌ_rden);Teknisk utbildning (hur man praktiskt anvÌ_nder insulinpump);Ja;Ja;Nej;Den egna kliniken;Kurator;Ja;Ja;Vi frÌ´gar vid nÌ_stan varje besÌ¦k om de Ì¦nskar trÌ_ffa kurator. ;Nej - det Ì_r delat med andra avdelningar pÌ´ sjukhuset;Ja - ibland;DiabetesskÌ¦terska
2017/10/03 1:33:30 PM GMT+2;ÌĞstergÌ¦tlands lÌ_n - Universitetssjukhuset i LinkÌ¦ping;;1200;1;;5;;6;6;300;Det finns inga psykologer knutna till vÌ´r mottagning;Det finns inga beteendevetare knutna till vÌ´r mottagning;1 kurator;Ja;Ja;ÌĞvergÌ´ngsmÌ¦ten eller individuella Ì¦vergÌ´ngsmÌ¦ten utifrÌ´n behov och Ì¦nskemÌ´l. Utbildningsvecka ;"Bokat telefonmÌ¦te (diabetesskÌ¦terska/lÌ_kare kontaktar patienten pÌ´ en avtalad telefontid);Jourtelefon (dvs. patienten har mÌ¦jlighet att kontakta vÌ´rden utan att boka tid i fÌ¦rvÌ_g);Chat/Meddelandefunktion  (via Mina VÌ´rdkontakter)";Vi har haft samma kontaktvÌ_gar lÌ_nge.;;TillgÌ_ngligt alla vardagar;TillgÌ_ngligt alla vardagar;Inte tillgÌ_ngligt pÌ´ denna diabetesmottagning;Inte tillgÌ_ngligt pÌ´ denna diabetesmottagning;TillgÌ_ngligt dygnet runt;Inte tillgÌ_ngligt pÌ´ denna diabetesmottagning;Inte tillgÌ_ngligt pÌ´ denna diabetesmottagning;Inte tillgÌ_ngligt pÌ´ denna diabetesmottagning;"Bokat telefonmÌ¦te (diabetesskÌ¦terska/lÌ_kare kontaktar patienten pÌ´ en avtalad telefontid);Jourtelefon (dvs. patienten har mÌ¦jlighet att kontakta vÌ´rden utan att boka tid i fÌ¦rvÌ_g);Chat/Meddelandefunktion  (via Mina VÌ´rdkontakter)";ca 50 NDR ej fungerat med Ì¦verfÌ¦ring frÌ´n cosmic;377;160;"Nationella riktlinjer;Klinikspecifika riktlinijer;Riktlinijer frÌ´n Landstinget / Regionen";Nationella riktlinjer;"Nationella riktlinjer;Riktlinijer frÌ´n Landstinget / Regionen";"Teknisk utbildning (hur man praktiskt anvÌ_nder CGM och hur man tolkar vÌ_rden);Annan typ av utbildning";"Teknisk utbildning (hur man praktiskt anvÌ_nder FGM och hur man tolkar vÌ_rden);Annan typ av utbildning";"Teknisk utbildning (hur man praktiskt anvÌ_nder insulinpump);Annan typ av utbildning";Ja;Ja;Nej;Den egna kliniken;Kurator;Ja;Nej;;Ja;Ja - alltid;DiabetesskÌ¦terska
2017/10/03 3:54:46 PM GMT+2;SÌ¦dermanlands lÌ_n - NykÌ¦pings lasarett;;454;;;;3;;100;200;Det finns inga psykologer knutna till vÌ´r mottagning;Det finns inga beteendevetare knutna till vÌ´r mottagning;1 kurator;Ja;Ja;ÌĞvergÌ´ngsmÌ¦ten och ska just bÌ¦rja med trÌ_ffar;"Bokat telefonmÌ¦te (diabetesskÌ¦terska/lÌ_kare kontaktar patienten pÌ´ en avtalad telefontid);Jourtelefon (dvs. patienten har mÌ¦jlighet att kontakta vÌ´rden utan att boka tid i fÌ¦rvÌ_g);Chat/Meddelandefunktion  (via Mina VÌ´rdkontakter)";"Nej, ingen av ovan nÌ_mnda kontaktvÌ_gar har infÌ¦rts sen januari 2016.;Mail finns inte formellt men i praktiken anvÌ_nds det";;TillgÌ_ngligt alla vardagar;TillgÌ_ngligt alla vardagar;Inte tillgÌ_ngligt pÌ´ denna diabetesmottagning;Inte tillgÌ_ngligt pÌ´ denna diabetesmottagning;TillgÌ_ngligt alla vardagar;Inte tillgÌ_ngligt pÌ´ denna diabetesmottagning;Inte tillgÌ_ngligt pÌ´ denna diabetesmottagning;Inte tillgÌ_ngligt pÌ´ denna diabetesmottagning;"Bokat telefonmÌ¦te (diabetesskÌ¦terska/lÌ_kare kontaktar patienten pÌ´ en avtalad telefontid);Jourtelefon (dvs. patienten har mÌ¦jlighet att kontakta vÌ´rden utan att boka tid i fÌ¦rvÌ_g);Chat/Meddelandefunktion  (via Mina VÌ´rdkontakter)";33;250;x;Riktlinijer frÌ´n Landstinget / Regionen;Riktlinijer frÌ´n Landstinget / Regionen;Riktlinijer frÌ´n Landstinget / Regionen;"Teknisk utbildning (hur man praktiskt anvÌ_nder CGM och hur man tolkar vÌ_rden);Utbildning fÌ¦r att mentalt/kÌ_nslomÌ_ssigt kunna hantera CGM;Annan typ av utbildning";"Teknisk utbildning (hur man praktiskt anvÌ_nder FGM och hur man tolkar vÌ_rden);Utbildning fÌ¦r att mentalt/kÌ_nslomÌ_ssigt kunna hantera FGM;Annan typ av utbildning";"Teknisk utbildning (hur man praktiskt anvÌ_nder insulinpump);Utbildning fÌ¦r att mentalt/kÌ_nslomÌ_ssigt kunna hantera insulinpump;Annan typ av utbildning";Nej;Ja;Nej;Landstinget / Regionen;Kurator;Ja;Nej;;Nej - det Ì_r delat med andra avdelningar pÌ´ sjukhuset;Ja - alltid;DiabetesskÌ¦terska
2017/10/04 7:10:17 AM GMT+2;JÌ¦nkÌ¦pings lÌ_n - HÌ¦glandssjukhuset;;600;1;;;;;112;200;Det finns inga psykologer knutna till vÌ´r mottagning;Det finns inga beteendevetare knutna till vÌ´r mottagning;Det finns inga kuratorer knutna till vÌ´r mottagning;Nej;Ja;nej;"Bokat telefonmÌ¦te (diabetesskÌ¦terska/lÌ_kare kontaktar patienten pÌ´ en avtalad telefontid);Mail;Chat/Meddelandefunktion  (via Mina VÌ´rdkontakter);VideobesÌ¦k";VideobesÌ¦k;;TillgÌ_ngligt alla vardagar;TillgÌ_ngligt alla vardagar;TillgÌ_ngligt dygnet runt;Inte tillgÌ_ngligt pÌ´ denna diabetesmottagning;TillgÌ_ngligt dygnet runt;Inte tillgÌ_ngligt pÌ´ denna diabetesmottagning;TillgÌ_ngligt vissa vardagar;Inte tillgÌ_ngligt pÌ´ denna diabetesmottagning;Chat/Meddelandefunktion  (via Mina VÌ´rdkontakter);56;520;150;Riktlinijer frÌ´n Landstinget / Regionen;Riktlinijer frÌ´n Landstinget / Regionen;Klinikspecifika riktlinijer;"Teknisk utbildning (hur man praktiskt anvÌ_nder CGM och hur man tolkar vÌ_rden);Utbildning fÌ¦r att mentalt/kÌ_nslomÌ_ssigt kunna hantera CGM";"Teknisk utbildning (hur man praktiskt anvÌ_nder FGM och hur man tolkar vÌ_rden);Utbildning fÌ¦r att mentalt/kÌ_nslomÌ_ssigt kunna hantera FGM";"Teknisk utbildning (hur man praktiskt anvÌ_nder insulinpump);Utbildning fÌ¦r att mentalt/kÌ_nslomÌ_ssigt kunna hantera insulinpump";Ja;Nej;Nej;Den egna kliniken;"Kurator;Annat";Nej;Nej;;Nej - det Ì_r delat med andra avdelningar pÌ´ sjukhuset;Ja - ibland;DiabetesskÌ¦terska
2017/10/04 9:52:40 AM GMT+2;VÌ_rmlands lÌ_n - Sjukhuset i Torsby;;100;;;;;;60;75;Det finns inga psykologer knutna till vÌ´r mottagning;Det finns inga beteendevetare knutna till vÌ´r mottagning;Det finns inga kuratorer knutna till vÌ´r mottagning;Nej;Nej;nej;"Bokat telefonmÌ¦te (diabetesskÌ¦terska/lÌ_kare kontaktar patienten pÌ´ en avtalad telefontid);Jourtelefon (dvs. patienten har mÌ¦jlighet att kontakta vÌ´rden utan att boka tid i fÌ¦rvÌ_g);Chat/Meddelandefunktion  (via Mina VÌ´rdkontakter);Drop-in";Nej, ingen av ovan nÌ_mnda kontaktvÌ_gar har infÌ¦rts sen januari 2016.;;TillgÌ_ngligt alla vardagar;TillgÌ_ngligt alla vardagar;Inte tillgÌ_ngligt pÌ´ denna diabetesmottagning;Inte tillgÌ_ngligt pÌ´ denna diabetesmottagning;TillgÌ_ngligt alla vardagar;Inte tillgÌ_ngligt pÌ´ denna diabetesmottagning;Inte tillgÌ_ngligt pÌ´ denna diabetesmottagning;TillgÌ_ngligt alla vardagar;"Bokat telefonmÌ¦te (diabetesskÌ¦terska/lÌ_kare kontaktar patienten pÌ´ en avtalad telefontid);Chat/Meddelandefunktion  (via Mina VÌ´rdkontakter)";2;46;32;Klinikspecifika riktlinijer;Klinikspecifika riktlinijer;Klinikspecifika riktlinijer;"Teknisk utbildning (hur man praktiskt anvÌ_nder CGM och hur man tolkar vÌ_rden);Utbildning fÌ¦r att mentalt/kÌ_nslomÌ_ssigt kunna hantera CGM";"Teknisk utbildning (hur man praktiskt anvÌ_nder FGM och hur man tolkar vÌ_rden);Utbildning fÌ¦r att mentalt/kÌ_nslomÌ_ssigt kunna hantera FGM";"Teknisk utbildning (hur man praktiskt anvÌ_nder insulinpump);Utbildning fÌ¦r att mentalt/kÌ_nslomÌ_ssigt kunna hantera insulinpump";Nej;Ja;Nej;Den egna kliniken;Kurator;Ja;Nej;;Nej - det Ì_r delat med andra avdelningar pÌ´ sjukhuset;Nej;Kurator