"Sjukhus.finnsBarnmottagning","Sjukhus.barnmottagningSammarbete","Sjukhus.initiativBarnÖvergång","Sjukhus.riktlinjerCGM","Sjukhus.riktlinjerFGM","Sjukhus.riktlinjerInsulinpump","Sjukhus.utbildningCGM","Sjukhus.utbildningFGM","Sjukhus.utbilningInsulinpump","Sjukhus.efterfråganCGM","Sjukhus.efterfråganFGM","Sjukhus.efterfråganInsulinpump","Sjukhus.budgetBelastningTHM","Sjukhus.erbjuderPsykosocialt","Sjukhus.efterfråganPsykoSocialtStöd","Sjukhus.strategiPsykoSocialtStöd","Sjukhus.strategiPsykoSocialtStöd_free","Sjukhus.specifikBudgetPsykoSocialtStöd","Sjukhus.patientutbildingPsykoSocialtStöd","Sjukhus.patientutbildingPsykoSocialtStöd_free","Sjukhus.Landsting","Sjukhus.Sjukhus","Sjukhus.RegistreradePatienter","Sjukhus.antalPatienterAnsvar_clean","Sjukhus.FTE","Sjukhus.övertidProcent","Sjukhus.FTEperPatient","Sjukhus.antalPatienterCGM_clean","Sjukhus.antalPatienterFGM_clean","Sjukhus.antalPatienterInsulinpump_clean","Sjukhus.andelPatienterCGM_clean","Sjukhus.andelPatienterFGM_clean","Sjukhus.andelPatienterInsulinpump_clean","Sjukhus.knutenPsykolog","Sjukhus.knutenBeteendevetare","Sjukhus.knutenKurator","Sjukhus.erbjuderKurator","Sjukhus.erbjuderPsykolog","Sjukhus.erbjuderBeteendevetare","Sjukhus.erbjuderAnnat","Sjukhus.erbjuderInget","Landsting.andelCGM","Landsting.andelCGM_grupp","Sjukhus.andelCGM_grupp","Landsting.andelFGM","Landsting.andelFGM_grupp","Sjukhus.andelFGM_grupp","Landsting.andelInsulinpump","Landsting.andelInsulinpump_grupp","Sjukhus.andelInsulinpump_grupp","Landsting.regitreradePatienter","Landsting.registreradePatienter_grupp","Sjukhus.registreradePatienter_grupp","Landsting.antalPatientsvar","Landsting.registreradePatienterAnsvar_grupp","Sjukhus.registreradePatienterAnsvar_grupp","Landsting.övertidProcent","Landsting.övertidProcent_grupp","Sjukhus.övertidProcent_grupp","Landsting.FTEperPatient","Landsting.FTEperPatient_grupp","Sjukhus.FTEperPatient_grupp"
"Ja","Ja","nej","Nationella riktlinjer","Nationella riktlinjer","Nationella riktlinjer","Teknisk utbildning (hur man praktiskt använder CGM och hur man tolkar värden)","Teknisk utbildning (hur man praktiskt använder FGM och hur man tolkar värden)","Teknisk utbildning (hur man praktiskt använder insulinpump)","Nej","Nej","Nej","Landstinget / Regionen","Psykolog;Kurator","Ja","Nej","","Vet ej","Ja - ibland","Diabetessköterska","Västernorrlands län "," Länssjukhuset Sundsvall Härnösand",600,250,80,131.25,6.93333333333333,150,300,120,0.25,0.5,0.2,"Ja","Nej","Ja","Ja","Ja","Nej","Nej","Nej",0.119726364344901,"11-15%","16-25%",0.477303702096653,"41-50%","0-30%",0.229633666952387,"21-25%","16-20%",646.096774193548,"501-1000","501-1000",227.354838709677,"201-300","201-300",Inf,"201%+","101-200%",8.37462713462504,"6-10","6-10"
"Nej","Ja","Nej","Nationella riktlinjer;Klinikspecifika riktlinijer;Riktlinijer från Landstinget / Regionen","Nationella riktlinjer;Klinikspecifika riktlinijer;Riktlinijer från Landstinget / Regionen","Nationella riktlinjer;Klinikspecifika riktlinijer;Riktlinijer från Landstinget / Regionen","Teknisk utbildning (hur man praktiskt använder CGM och hur man tolkar värden);Utbildning för att mentalt/känslomässigt kunna hantera CGM","Teknisk utbildning (hur man praktiskt använder FGM och hur man tolkar värden);Utbildning för att mentalt/känslomässigt kunna hantera FGM","Teknisk utbildning (hur man praktiskt använder insulinpump);Utbildning för att mentalt/känslomässigt kunna hantera insulinpump","Ja","Ja","Nej","Den egna kliniken","Psykolog;Kurator","Nej","Ja","Vi frågar vid varje besök, vid varje besök hur man mår. Om man ej mår bra om man önskar stöd. Mott har en kurator knuten till sig samt psykolog/psykiatriker via remiss.","Nej - det är delat med andra avdelningar på sjukhuset","Ja - alltid","Kurator","Östergötlands län "," Lasarettet i Motala",462,150,80,150,9.004329004329,21,267,58,0.0454545454545455,0.577922077922078,0.125541125541126,"Nej","Nej","Ja","Ja","Ja","Nej","Nej","Nej",0.119726364344901,"11-15%","0-5%",0.477303702096653,"41-50%","0-30%",0.229633666952387,"21-25%","0-15%",646.096774193548,"501-1000","251-500",227.354838709677,"201-300","101-200",Inf,"201%+","101-200%",8.37462713462504,"6-10","6-10"
"Ja","Ja","Övergångsmöten","Nationella riktlinjer","Nationella riktlinjer","Nationella riktlinjer","Teknisk utbildning (hur man praktiskt använder CGM och hur man tolkar värden);Utbildning för att mentalt/känslomässigt kunna hantera CGM","Teknisk utbildning (hur man praktiskt använder FGM och hur man tolkar värden);Utbildning för att mentalt/känslomässigt kunna hantera FGM","Teknisk utbildning (hur man praktiskt använder insulinpump);Utbildning för att mentalt/känslomässigt kunna hantera insulinpump","Nej","Nej","Nej","Landstinget / Regionen","Kurator","Ja","Ja","Informerar om vad som finns fortlöpande både vid diagnos och vid återkommande besök.","Nej - det är delat med andra avdelningar på sjukhuset","Ja - ibland","Diabetessköterska","Västernorrlands län "," Örnsköldsviks sjukhus",304,304,80,50,13.6842105263158,51,161,67,0.167763157894737,0.529605263157895,0.220394736842105,"Nej","Nej","Ja","Ja","Nej","Nej","Nej","Nej",0.119726364344901,"11-15%","16-25%",0.477303702096653,"41-50%","0-30%",0.229633666952387,"21-25%","21-25%",646.096774193548,"501-1000","251-500",227.354838709677,"201-300","301-400",Inf,"201%+","0-50%",8.37462713462504,"6-10","11-15"
"Nej","Nej","Nej","Riktlinijer från Landstinget / Regionen","Riktlinijer från Landstinget / Regionen","Riktlinijer från Landstinget / Regionen","Annan typ av utbildning","Annan typ av utbildning","Annan typ av utbildning","Ja","Nej","Nej","Den egna kliniken","Kurator","Ja","Nej","","Vet ej","Ja - ibland","Kurator","Värmlands län "," Sjukhuset i Arvika",176,176,40,100,11.8181818181818,1,80,33,0.00568181818181818,0.454545454545455,0.1875,"Nej","Nej","Nej","Ja","Nej","Nej","Nej","Nej",0.119726364344901,"11-15%","0-5%",0.477303702096653,"41-50%","0-30%",0.229633666952387,"21-25%","16-20%",646.096774193548,"501-1000","0-250",227.354838709677,"201-300","101-200",Inf,"201%+","51-100%",8.37462713462504,"6-10","11-15"
"Nej","Nej","Nej","Riktlinijer från Landstinget / Regionen","Riktlinijer från Landstinget / Regionen","Riktlinijer från Landstinget / Regionen","Teknisk utbildning (hur man praktiskt använder CGM och hur man tolkar värden)","Teknisk utbildning (hur man praktiskt använder FGM och hur man tolkar värden)","Teknisk utbildning (hur man praktiskt använder insulinpump);Utbildning för att mentalt/känslomässigt kunna hantera insulinpump","Nej","Ja","Nej","Den egna kliniken","Kurator","Ja","Nej","","Vet ej","Ja - ibland","Kurator","Region Skåne "," Lasarettet Trelleborg",290,130,32,300,5.73793103448276,35,125,70,0.120689655172414,0.431034482758621,0.241379310344828,"Nej","Nej","Ja","Ja","Nej","Nej","Nej","Nej",0.119726364344901,"11-15%","11-15%",0.477303702096653,"41-50%","0-30%",0.229633666952387,"21-25%","21-25%",646.096774193548,"501-1000","251-500",227.354838709677,"201-300","101-200",Inf,"201%+","201%+",8.37462713462504,"6-10","6-10"
"Nej","Ja","Nej","Sjukhusspecifika riktlinjer;Nationella riktlinjer","Nationella riktlinjer;Riktlinijer från Landstinget / Regionen","Nationella riktlinjer;Riktlinijer från Landstinget / Regionen","Teknisk utbildning (hur man praktiskt använder CGM och hur man tolkar värden);Utbildning för att mentalt/känslomässigt kunna hantera CGM;Annan typ av utbildning","Teknisk utbildning (hur man praktiskt använder FGM och hur man tolkar värden);Utbildning för att mentalt/känslomässigt kunna hantera FGM;Annan typ av utbildning","Teknisk utbildning (hur man praktiskt använder insulinpump);Utbildning för att mentalt/känslomässigt kunna hantera insulinpump;Annan typ av utbildning","Ja","Ja","Ja","Den egna kliniken","Psykolog;Kurator;Beteendevetare","Ja","Ja","
? Om patienten inte mår bra fullföljer vi att kontakter tas med lämplig kategori. ","Nej - det är delat med andra avdelningar på sjukhuset","Ja - ibland","Beteendevetare","Mitt landsting/sjukhus finns inte med i listan (ange i nästa fråga)",NA,220,160,40,150,9.45454545454546,25,95,52,0.113636363636364,0.431818181818182,0.236363636363636,"Nej","Nej","Ja","Ja","Ja","Ja","Nej","Nej",0.119726364344901,"11-15%","11-15%",0.477303702096653,"41-50%","0-30%",0.229633666952387,"21-25%","21-25%",646.096774193548,"501-1000","0-250",227.354838709677,"201-300","101-200",Inf,"201%+","101-200%",8.37462713462504,"6-10","6-10"
"Nej","Ja","nej","Nationella riktlinjer;Riktlinijer från Landstinget / Regionen","Nationella riktlinjer;Riktlinijer från Landstinget / Regionen","Nationella riktlinjer;Riktlinijer från Landstinget / Regionen","Teknisk utbildning (hur man praktiskt använder CGM och hur man tolkar värden)","Teknisk utbildning (hur man praktiskt använder FGM och hur man tolkar värden)","Teknisk utbildning (hur man praktiskt använder insulinpump)","Nej","Ja","Nej","Den egna kliniken","Kurator;Annat","Ja","Nej","","Nej - det är delat med andra avdelningar på sjukhuset","Ja - ibland","Diabetessköterska","Region Skåne "," Sjukhuset i Hässleholm",218,200,66,121.212121212121,15.743119266055,10,168,98,0.0458715596330275,0.770642201834862,0.44954128440367,"Nej","Nej","Ja","Ja","Nej","Nej","Ja","Nej",0.119726364344901,"11-15%","0-5%",0.477303702096653,"41-50%","0-30%",0.229633666952387,"21-25%","31%+",646.096774193548,"501-1000","0-250",227.354838709677,"201-300","101-200",Inf,"201%+","101-200%",8.37462713462504,"6-10","16+"
"Ja","Ja","Nej ","Nationella riktlinjer;Klinikspecifika riktlinijer","Klinikspecifika riktlinijer","Nationella riktlinjer;Klinikspecifika riktlinijer","Teknisk utbildning (hur man praktiskt använder CGM och hur man tolkar värden)","Teknisk utbildning (hur man praktiskt använder FGM och hur man tolkar värden)","Teknisk utbildning (hur man praktiskt använder insulinpump)","Nej","Ja","Nej","Den egna kliniken","Psykolog;Kurator","Nej","Nej","","Ja","Nej","Annan","Uppsalas län "," Akademiska sjukhuset ",1400,240,226,88.4955752212389,8.39428571428572,70,700,462,0.05,0.5,0.33,"Ja","Nej","Ja","Ja","Ja","Nej","Nej","Nej",0.119726364344901,"11-15%","0-5%",0.477303702096653,"41-50%","0-30%",0.229633666952387,"21-25%","31%+",646.096774193548,"501-1000","1000+",227.354838709677,"201-300","201-300",Inf,"201%+","51-100%",8.37462713462504,"6-10","6-10"
"Nej","Ja","ja vi har samarbete med Saccska ungdomsmottagning med gruppöverförig till vår klinik","Nationella riktlinjer;Riktlinijer från Landstinget / Regionen","Nationella riktlinjer;Riktlinijer från Landstinget / Regionen","Nationella riktlinjer;Riktlinijer från Landstinget / Regionen","Teknisk utbildning (hur man praktiskt använder CGM och hur man tolkar värden);Utbildning för att mentalt/känslomässigt kunna hantera CGM","Teknisk utbildning (hur man praktiskt använder FGM och hur man tolkar värden)","Teknisk utbildning (hur man praktiskt använder insulinpump)","Ja","Ja","Nej","Landstinget / Regionen","Psykolog","Ja","Nej","","Nej - det är delat med andra avdelningar på sjukhuset","Ja - ibland","Diabetessköterska","Stockholms län "," Ersta diakoni ",1000,350,158,25.3164556962025,8.216,200,500,400,0.2,0.5,0.4,"Ja","Nej","Nej","Nej","Ja","Nej","Nej","Nej",0.119726364344901,"11-15%","16-25%",0.477303702096653,"41-50%","0-30%",0.229633666952387,"21-25%","31%+",646.096774193548,"501-1000","501-1000",227.354838709677,"201-300","301-400",Inf,"201%+","0-50%",8.37462713462504,"6-10","6-10"
"Nej","Nej","ja","Riktlinijer från Landstinget / Regionen","Riktlinijer från Landstinget / Regionen","Nationella riktlinjer","Teknisk utbildning (hur man praktiskt använder CGM och hur man tolkar värden)","Teknisk utbildning (hur man praktiskt använder FGM och hur man tolkar värden)","Teknisk utbildning (hur man praktiskt använder insulinpump);Annan typ av utbildning","Ja","Ja","Nej","Landstinget / Regionen","Kurator","Ja","Nej","","Nej - det är delat med andra avdelningar på sjukhuset","Ja - alltid","Kurator","Stockholms län "," Danderyds sjukhus",1640,360,0,Inf,0,50,800,375,0.0304878048780488,0.48780487804878,0.228658536585366,"Nej","Nej","Ja","Ja","Nej","Nej","Nej","Nej",0.119726364344901,"11-15%","0-5%",0.477303702096653,"41-50%","0-30%",0.229633666952387,"21-25%","21-25%",646.096774193548,"501-1000","1000+",227.354838709677,"201-300","301-400",Inf,"201%+","201%+",8.37462713462504,"6-10","0-5"
"Nej","Nej","nej","Riktlinijer från Landstinget / Regionen","Riktlinijer från Landstinget / Regionen","Riktlinijer från Landstinget / Regionen","Teknisk utbildning (hur man praktiskt använder CGM och hur man tolkar värden)","Teknisk utbildning (hur man praktiskt använder FGM och hur man tolkar värden)","Teknisk utbildning (hur man praktiskt använder insulinpump)","Nej","Nej","Nej","Landstinget / Regionen","Kurator;Annat","Nej","Ja","genom diabetesteammöten","Vet ej","Ja - ibland","Kurator","Södermanlands län "," Kullbergska sjukhuset ",241,498,120,0,25.8921161825726,40,168,42,0.16597510373444,0.697095435684647,0.174273858921162,"Ja","Nej","Ja","Ja","Nej","Nej","Ja","Nej",0.119726364344901,"11-15%","16-25%",0.477303702096653,"41-50%","0-30%",0.229633666952387,"21-25%","16-20%",646.096774193548,"501-1000","0-250",227.354838709677,"201-300","401+",Inf,"201%+","0-50%",8.37462713462504,"6-10","16+"
"Nej","Nej","nej","Riktlinijer från Landstinget / Regionen","Riktlinijer från Landstinget / Regionen","Riktlinijer från Landstinget / Regionen","Teknisk utbildning (hur man praktiskt använder CGM och hur man tolkar värden);Utbildning för att mentalt/känslomässigt kunna hantera CGM","Teknisk utbildning (hur man praktiskt använder FGM och hur man tolkar värden);Utbildning för att mentalt/känslomässigt kunna hantera FGM","Teknisk utbildning (hur man praktiskt använder insulinpump);Utbildning för att mentalt/känslomässigt kunna hantera insulinpump;Annan typ av utbildning","Ja","Ja","Nej","Landstinget / Regionen","Inget","Ja","Nej","","Vi erbjuder inget psykosocialt stöd","Ja - ibland","Annan","Stockholms län "," Norrtälje sjukhus",230,200,40,87.5,9.04347826086956,25,75,55,0.108695652173913,0.326086956521739,0.239130434782609,"Nej","Nej","Nej","Nej","Nej","Nej","Nej","Ja",0.119726364344901,"11-15%","11-15%",0.477303702096653,"41-50%","0-30%",0.229633666952387,"21-25%","21-25%",646.096774193548,"501-1000","0-250",227.354838709677,"201-300","101-200",Inf,"201%+","51-100%",8.37462713462504,"6-10","6-10"
"Nej","Nej","nej","Riktlinijer från Landstinget / Regionen","Riktlinijer från Landstinget / Regionen","Nationella riktlinjer","Teknisk utbildning (hur man praktiskt använder CGM och hur man tolkar värden)","Teknisk utbildning (hur man praktiskt använder FGM och hur man tolkar värden)","Teknisk utbildning (hur man praktiskt använder insulinpump);Utbildning för att mentalt/känslomässigt kunna hantera insulinpump;Annan typ av utbildning","Ja","Ja","Nej","Landstinget / Regionen","Kurator","Ja","Ja","Kontaktar Kurator.","Vet ej","Nej","Diabetessköterska","Stockholms län "," S:t Görans sjukhus",1200,300,280,67.8571428571429,12.1333333333333,0,0,240,0,0,0.2,"Nej","Nej","Ja","Ja","Nej","Nej","Nej","Nej",0.119726364344901,"11-15%","0-5%",0.477303702096653,"41-50%","0-30%",0.229633666952387,"21-25%","16-20%",646.096774193548,"501-1000","1000+",227.354838709677,"201-300","201-300",Inf,"201%+","51-100%",8.37462713462504,"6-10","11-15"
"Ja","Ja","Ja vi har övergångsmöten med personal både från barn och vuxen med info och liten föreläsning","Riktlinijer från Landstinget / Regionen","Riktlinijer från Landstinget / Regionen","Riktlinijer från Landstinget / Regionen","Teknisk utbildning (hur man praktiskt använder CGM och hur man tolkar värden)","Teknisk utbildning (hur man praktiskt använder FGM och hur man tolkar värden)","Teknisk utbildning (hur man praktiskt använder insulinpump);Annan typ av utbildning","Ja","Ja","Nej","Landstinget / Regionen","Kurator;Annat","Ja","Nej","Information enskilt vid behov, speciella stresshanteringsdagar som alla med typ ett erbjuds.","Vet ej","Ja - alltid","Annan","Stockholms län "," Karolinska Universitetssjukhuset",1220,350,132,160.606060606061,5.62622950819672,353,264,332,0.289344262295082,0.216393442622951,0.272131147540984,"Nej","Ja","Ja","Ja","Nej","Nej","Ja","Nej",0.119726364344901,"11-15%","26%+",0.477303702096653,"41-50%","0-30%",0.229633666952387,"21-25%","25-30%",646.096774193548,"501-1000","1000+",227.354838709677,"201-300","301-400",Inf,"201%+","101-200%",8.37462713462504,"6-10","6-10"
"Ja","Ja","Info mtrl, täta besök första åren, träffa alla i teamet första året","Klinikspecifika riktlinijer;Riktlinijer från Landstinget / Regionen","Nationella riktlinjer;Klinikspecifika riktlinijer;Riktlinijer från Landstinget / Regionen","Nationella riktlinjer;Klinikspecifika riktlinijer","Teknisk utbildning (hur man praktiskt använder CGM och hur man tolkar värden)","Teknisk utbildning (hur man praktiskt använder FGM och hur man tolkar värden)","Teknisk utbildning (hur man praktiskt använder insulinpump)","Nej","Nej","Nej","Den egna kliniken","Kurator","Nej","Ja","Ingår bla vid övertag från barnmottagningen. ","Nej - det är delat med andra avdelningar på sjukhuset","Ja - ibland","Kurator","Kalmars län "," Länssjukhuset i Kalmar",557,140,178,89.8876404494382,16.6175942549372,32,307,148,0.0574506283662478,0.551166965888689,0.265709156193896,"Nej","Nej","Ja","Ja","Nej","Nej","Nej","Nej",0.119726364344901,"11-15%","6-10%",0.477303702096653,"41-50%","0-30%",0.229633666952387,"21-25%","25-30%",646.096774193548,"501-1000","501-1000",227.354838709677,"201-300","101-200",Inf,"201%+","51-100%",8.37462713462504,"6-10","16+"
"Nej","Ja","Övergångsmöten ibland. Planerar för grupputbildning för unga vuxna med dysreglerad diabetes.","Nationella riktlinjer;Riktlinijer från Landstinget / Regionen","Riktlinijer från Landstinget / Regionen","Nationella riktlinjer","Teknisk utbildning (hur man praktiskt använder CGM och hur man tolkar värden);Utbildning för att mentalt/känslomässigt kunna hantera CGM","Teknisk utbildning (hur man praktiskt använder FGM och hur man tolkar värden);Utbildning för att mentalt/känslomässigt kunna hantera FGM","Teknisk utbildning (hur man praktiskt använder insulinpump);Utbildning för att mentalt/känslomässigt kunna hantera insulinpump","Nej","Nej","Nej","Den egna kliniken","Psykolog;Kurator","Ja","Nej","","Nej - det är delat med andra avdelningar på sjukhuset","Ja - ibland","Kurator","Jönköpings län "," Värnamo sjukhus",437,145,40,200,4.75972540045767,42,274,112,0.0961098398169336,0.627002288329519,0.25629290617849,"Nej","Nej","Ja","Ja","Ja","Nej","Nej","Nej",0.119726364344901,"11-15%","6-10%",0.477303702096653,"41-50%","0-30%",0.229633666952387,"21-25%","25-30%",646.096774193548,"501-1000","251-500",227.354838709677,"201-300","101-200",Inf,"201%+","101-200%",8.37462713462504,"6-10","0-5"
"Ja","Ja","Övergångsmöten vid behov. Pausat en period. Enstaka gemensamma fortbildningar.","Sjukhusspecifika riktlinjer","Sjukhusspecifika riktlinjer","Sjukhusspecifika riktlinjer","Teknisk utbildning (hur man praktiskt använder CGM och hur man tolkar värden);Annan typ av utbildning","Teknisk utbildning (hur man praktiskt använder FGM och hur man tolkar värden);Annan typ av utbildning","Teknisk utbildning (hur man praktiskt använder insulinpump);Annan typ av utbildning","Ja","Nej","Nej","Den egna kliniken","Beteendevetare","Ja","Nej","","Nej - det är delat med andra avdelningar på sjukhuset","Nej","Annan","Kronobergs län "," Centrallasarettet Växjö",828,0,68,257.352941176471,4.27053140096618,65,600,150,0.0785024154589372,0.72463768115942,0.181159420289855,"Nej","Ja","Nej","Nej","Nej","Ja","Nej","Nej",0.119726364344901,"11-15%","6-10%",0.477303702096653,"41-50%","0-30%",0.229633666952387,"21-25%","16-20%",646.096774193548,"501-1000","501-1000",227.354838709677,"201-300","0-100",Inf,"201%+","201%+",8.37462713462504,"6-10","0-5"
"Ja","Ja","Årliga träfar, strukturerade remisser vid övertag där vi kommit överens om vad de ska innehålla. Tidigare träffades vi för att rapportera pat men detta gav inte så mycket mer. Vi har även testat gemensamt möte, kändes mest konstigt . Vi har grupputbildning för unga med relativt nydiagnosticerad diabetes eller som kommer över från barnkliniken. Pratar om bland annat graviditet och komplikationer, förebyggande behandling. ","Nationella riktlinjer","Nationella riktlinjer","Nationella riktlinjer","Teknisk utbildning (hur man praktiskt använder CGM och hur man tolkar värden)","Teknisk utbildning (hur man praktiskt använder FGM och hur man tolkar värden)","Teknisk utbildning (hur man praktiskt använder insulinpump)","Ja","Ja","Nej","Den egna kliniken","Kurator","Ja","Nej","","Nej - det är delat med andra avdelningar på sjukhuset","Ja - ibland","Diabetessköterska","Västmanlands län "," Centrallasarettet i Västerås",870,280,166,90.3614457831325,9.92183908045977,30,225,168,0.0344827586206897,0.258620689655172,0.193103448275862,"Nej","Nej","Ja","Ja","Nej","Nej","Nej","Nej",0.119726364344901,"11-15%","0-5%",0.477303702096653,"41-50%","0-30%",0.229633666952387,"21-25%","16-20%",646.096774193548,"501-1000","501-1000",227.354838709677,"201-300","201-300",Inf,"201%+","51-100%",8.37462713462504,"6-10","6-10"
"Ja","Ja","Ja.","Riktlinijer från Landstinget / Regionen","Riktlinijer från Landstinget / Regionen","Riktlinijer från Landstinget / Regionen","Teknisk utbildning (hur man praktiskt använder CGM och hur man tolkar värden);Annan typ av utbildning","Teknisk utbildning (hur man praktiskt använder FGM och hur man tolkar värden);Annan typ av utbildning","Teknisk utbildning (hur man praktiskt använder insulinpump);Annan typ av utbildning","Nej","Nej","Nej","Landstinget / Regionen","Kurator","Ja","Nej","","Nej - det är delat med andra avdelningar på sjukhuset","Ja - ibland","Diabetessköterska","Södermanlands län "," Mälarsjukhuset ",727,220,138,111.594202898551,9.8707015130674,350,75,170,0.481430536451169,0.103163686382393,0.233837689133425,"Nej","Nej","Ja","Ja","Nej","Nej","Nej","Nej",0.119726364344901,"11-15%","26%+",0.477303702096653,"41-50%","41-50%",0.229633666952387,"21-25%","21-25%",646.096774193548,"501-1000","501-1000",227.354838709677,"201-300","201-300",Inf,"201%+","101-200%",8.37462713462504,"6-10","6-10"
"Ja","Ja","nej","Riktlinijer från Landstinget / Regionen","Riktlinijer från Landstinget / Regionen","Klinikspecifika riktlinijer;Riktlinijer från Landstinget / Regionen","Teknisk utbildning (hur man praktiskt använder CGM och hur man tolkar värden);Annan typ av utbildning","Teknisk utbildning (hur man praktiskt använder FGM och hur man tolkar värden);Annan typ av utbildning","Teknisk utbildning (hur man praktiskt använder insulinpump);Utbildning för att mentalt/känslomässigt kunna hantera insulinpump;Annan typ av utbildning","Ja","Ja","Nej","Landstinget / Regionen","Kurator;Annat","Ja","Nej","","Nej - det är delat med andra avdelningar på sjukhuset","Ja - ibland","Diabetessköterska","Stockholms län "," Södersjukhuset",2100,375,226,66.3716814159292,5.59619047619048,200,600,400,0.0952380952380952,0.285714285714286,0.19047619047619,"Nej","Nej","Ja","Ja","Nej","Nej","Ja","Nej",0.119726364344901,"11-15%","6-10%",0.477303702096653,"41-50%","0-30%",0.229633666952387,"21-25%","16-20%",646.096774193548,"501-1000","1000+",227.354838709677,"201-300","301-400",Inf,"201%+","51-100%",8.37462713462504,"6-10","6-10"
"Ja","Ja","Försöker ha pumpträffar. Gemensam individuella övergång bar /vuxen tillsammans första gången och visar runt","Nationella riktlinjer;Klinikspecifika riktlinijer","Sjukhusspecifika riktlinjer;Nationella riktlinjer","Nationella riktlinjer;Klinikspecifika riktlinijer","Teknisk utbildning (hur man praktiskt använder CGM och hur man tolkar värden);Utbildning för att mentalt/känslomässigt kunna hantera CGM","Teknisk utbildning (hur man praktiskt använder FGM och hur man tolkar värden)","Mottagningen ansvarar inte för patientutbildning kring användandet av insulinpump","Nej","Ja","Nej","Landstinget / Regionen","Kurator","Ja","Vet inte","Delvis remiss, mail , telefon eller lämnar visitkort","Ja","Nej","Annan","Region Gotland "," Visby lasarett",350,200,38,202.631578947368,5.64571428571429,45,140,100,0.128571428571429,0.4,0.285714285714286,"Nej","Nej","Ja","Ja","Nej","Nej","Nej","Nej",0.119726364344901,"11-15%","11-15%",0.477303702096653,"41-50%","0-30%",0.229633666952387,"21-25%","25-30%",646.096774193548,"501-1000","251-500",227.354838709677,"201-300","101-200",Inf,"201%+","201%+",8.37462713462504,"6-10","6-10"
"Nej","Ja","nej","Nationella riktlinjer;Riktlinijer från Landstinget / Regionen","Nationella riktlinjer;Riktlinijer från Landstinget / Regionen","Nationella riktlinjer;Riktlinijer från Landstinget / Regionen","Teknisk utbildning (hur man praktiskt använder CGM och hur man tolkar värden);Utbildning för att mentalt/känslomässigt kunna hantera CGM","Teknisk utbildning (hur man praktiskt använder FGM och hur man tolkar värden);Utbildning för att mentalt/känslomässigt kunna hantera FGM","Teknisk utbildning (hur man praktiskt använder insulinpump);Utbildning för att mentalt/känslomässigt kunna hantera insulinpump;Annan typ av utbildning","Nej","Nej","Nej","Den egna kliniken","Psykolog;Kurator","Ja","Nej","","Nej - det är delat med andra avdelningar på sjukhuset","Ja - ibland","Diabetessköterska","Dalarnas län "," Mora lasarett",250,120,0,Inf,0,38,200,75,0.152,0.8,0.3,"Nej","Nej","Nej","Ja","Ja","Nej","Nej","Nej",0.119726364344901,"11-15%","16-25%",0.477303702096653,"41-50%","0-30%",0.229633666952387,"21-25%","25-30%",646.096774193548,"501-1000","0-250",227.354838709677,"201-300","101-200",Inf,"201%+","201%+",8.37462713462504,"6-10","0-5"
"Ja","Ja","ja","Nationella riktlinjer;Klinikspecifika riktlinijer;Riktlinijer från Landstinget / Regionen","Nationella riktlinjer;Klinikspecifika riktlinijer;Riktlinijer från Landstinget / Regionen","Nationella riktlinjer;Klinikspecifika riktlinijer","Teknisk utbildning (hur man praktiskt använder CGM och hur man tolkar värden);Utbildning för att mentalt/känslomässigt kunna hantera CGM","Teknisk utbildning (hur man praktiskt använder FGM och hur man tolkar värden);Utbildning för att mentalt/känslomässigt kunna hantera FGM","Teknisk utbildning (hur man praktiskt använder insulinpump);Utbildning för att mentalt/känslomässigt kunna hantera insulinpump","Ja","Nej","Nej","Den egna kliniken","Kurator","Ja","Ja","Vid överföring från barn klinik eller överflyttningar från andra sjukhus så träffar alla hela teamets olika personalkategorier.","Ja","Ja - alltid","Kurator","Västerbottens län ","Norrlands universitetssjukhus ",800,350,172,69.7674418604651,11.18,88,356,186,0.11,0.445,0.2325,"Nej","Nej","Ja","Ja","Nej","Nej","Nej","Nej",0.119726364344901,"11-15%","11-15%",0.477303702096653,"41-50%","0-30%",0.229633666952387,"21-25%","21-25%",646.096774193548,"501-1000","501-1000",227.354838709677,"201-300","301-400",Inf,"201%+","51-100%",8.37462713462504,"6-10","11-15"
"Nej","Ja","Kontaktar den unga vuxna per telefon så snart remiss för övertagning inkommit till kliniken för att hälsa välkommen och informera om att vi finns, och vem/vilka dem kan kontakta vid behov innan besöket är bokat. ","Riktlinijer från Landstinget / Regionen","Riktlinijer från Landstinget / Regionen","Nationella riktlinjer","Teknisk utbildning (hur man praktiskt använder CGM och hur man tolkar värden);Utbildning för att mentalt/känslomässigt kunna hantera CGM","Teknisk utbildning (hur man praktiskt använder FGM och hur man tolkar värden);Utbildning för att mentalt/känslomässigt kunna hantera FGM","Teknisk utbildning (hur man praktiskt använder insulinpump);Utbildning för att mentalt/känslomässigt kunna hantera insulinpump","Nej","Nej","Nej","Landstinget / Regionen","Kurator","Ja","Vet inte","","Nej - det är delat med andra avdelningar på sjukhuset","Ja - ibland","Diabetessköterska","Stockholms län "," Södertälje sjukhus",250,200,64,125,13.312,39,108,32,0.156,0.432,0.128,"Nej","Nej","Ja","Ja","Nej","Nej","Nej","Nej",0.119726364344901,"11-15%","16-25%",0.477303702096653,"41-50%","0-30%",0.229633666952387,"21-25%","0-15%",646.096774193548,"501-1000","0-250",227.354838709677,"201-300","101-200",Inf,"201%+","101-200%",8.37462713462504,"6-10","11-15"
"Ja","Ja","nej","Nationella riktlinjer","Riktlinijer från Landstinget / Regionen","Nationella riktlinjer","Teknisk utbildning (hur man praktiskt använder CGM och hur man tolkar värden)","Teknisk utbildning (hur man praktiskt använder FGM och hur man tolkar värden)","Teknisk utbildning (hur man praktiskt använder insulinpump);Annan typ av utbildning","Nej","Nej","Nej","Den egna kliniken","Kurator;Inget","Ja","Nej","","Nej - det är delat med andra avdelningar på sjukhuset","Ja - ibland","Diabetessköterska","Dalarnas län "," Falu lasarett",900,250,118,127.118644067797,6.81777777777778,130,420,260,0.144444444444444,0.466666666666667,0.288888888888889,"Nej","Nej","Nej","Ja","Nej","Nej","Nej","Ja",0.119726364344901,"11-15%","11-15%",0.477303702096653,"41-50%","0-30%",0.229633666952387,"21-25%","25-30%",646.096774193548,"501-1000","501-1000",227.354838709677,"201-300","201-300",Inf,"201%+","101-200%",8.37462713462504,"6-10","6-10"
"Nej","Ja","nej","Nationella riktlinjer","Nationella riktlinjer","Nationella riktlinjer","Teknisk utbildning (hur man praktiskt använder CGM och hur man tolkar värden);Utbildning för att mentalt/känslomässigt kunna hantera CGM","Teknisk utbildning (hur man praktiskt använder FGM och hur man tolkar värden);Utbildning för att mentalt/känslomässigt kunna hantera FGM","Teknisk utbildning (hur man praktiskt använder insulinpump);Utbildning för att mentalt/känslomässigt kunna hantera insulinpump","Nej","Nej","Nej","Den egna kliniken","Kurator","Ja","Ja","Visitkort med kontaktinfo till alla i Diabetesteamet inklusive kurator. Detta meddelar diabetessköterskan vid varje mottagningsbesök.","Vet ej","Ja - alltid","Kurator","Västerbottens län "," Lycksele lasarett",125,125,12,250,4.992,7,86,18,0.056,0.688,0.144,"Nej","Nej","Ja","Ja","Nej","Nej","Nej","Nej",0.119726364344901,"11-15%","6-10%",0.477303702096653,"41-50%","0-30%",0.229633666952387,"21-25%","0-15%",646.096774193548,"501-1000","0-250",227.354838709677,"201-300","101-200",Inf,"201%+","201%+",8.37462713462504,"6-10","0-5"
"Nej","Ja","Ja, och ett pågående projekt för att förbättra överföringen från barn till vuxen.","Riktlinijer från Landstinget / Regionen","Riktlinijer från Landstinget / Regionen","Riktlinijer från Landstinget / Regionen","Teknisk utbildning (hur man praktiskt använder CGM och hur man tolkar värden)","Teknisk utbildning (hur man praktiskt använder FGM och hur man tolkar värden)","Teknisk utbildning (hur man praktiskt använder insulinpump)","Ja","Ja","Nej","Den egna kliniken","Kurator","Ja","Ja","Vi frågar vid nästan varje besök om de önskar träffa kurator. ","Nej - det är delat med andra avdelningar på sjukhuset","Ja - ibland","Diabetessköterska","Örebros län "," Karlskoga lasarett",280,200,38,0,7.05714285714286,84,112,59,0.3,0.4,0.210714285714286,"Nej","Nej","Ja","Ja","Nej","Nej","Nej","Nej",0.119726364344901,"11-15%","26%+",0.477303702096653,"41-50%","0-30%",0.229633666952387,"21-25%","21-25%",646.096774193548,"501-1000","251-500",227.354838709677,"201-300","101-200",Inf,"201%+","0-50%",8.37462713462504,"6-10","6-10"
"Ja","Ja","Övergångsmöten eller individuella övergångsmöten utifrån behov och önskemål. Utbildningsvecka ","Nationella riktlinjer;Klinikspecifika riktlinijer;Riktlinijer från Landstinget / Regionen","Nationella riktlinjer","Nationella riktlinjer;Riktlinijer från Landstinget / Regionen","Teknisk utbildning (hur man praktiskt använder CGM och hur man tolkar värden);Annan typ av utbildning","Teknisk utbildning (hur man praktiskt använder FGM och hur man tolkar värden);Annan typ av utbildning","Teknisk utbildning (hur man praktiskt använder insulinpump);Annan typ av utbildning","Ja","Ja","Nej","Den egna kliniken","Kurator","Ja","Nej","","Ja","Ja - alltid","Diabetessköterska","Östergötlands län "," Universitetssjukhuset i Linköping",1200,300,206,2.9126213592233,8.92666666666667,50,377,160,0.0416666666666667,0.314166666666667,0.133333333333333,"Nej","Nej","Ja","Ja","Nej","Nej","Nej","Nej",0.119726364344901,"11-15%","0-5%",0.477303702096653,"41-50%","0-30%",0.229633666952387,"21-25%","0-15%",646.096774193548,"501-1000","1000+",227.354838709677,"201-300","201-300",Inf,"201%+","0-50%",8.37462713462504,"6-10","6-10"
"Ja","Ja","Övergångsmöten och ska just börja med träffar","Riktlinijer från Landstinget / Regionen","Riktlinijer från Landstinget / Regionen","Riktlinijer från Landstinget / Regionen","Teknisk utbildning (hur man praktiskt använder CGM och hur man tolkar värden);Utbildning för att mentalt/känslomässigt kunna hantera CGM;Annan typ av utbildning","Teknisk utbildning (hur man praktiskt använder FGM och hur man tolkar värden);Utbildning för att mentalt/känslomässigt kunna hantera FGM;Annan typ av utbildning","Teknisk utbildning (hur man praktiskt använder insulinpump);Utbildning för att mentalt/känslomässigt kunna hantera insulinpump;Annan typ av utbildning","Nej","Ja","Nej","Landstinget / Regionen","Kurator","Ja","Nej","","Nej - det är delat med andra avdelningar på sjukhuset","Ja - alltid","Diabetessköterska","Södermanlands län "," Nyköpings lasarett",454,200,48,208.333333333333,5.49779735682819,33,250,0,0.0726872246696035,0.550660792951542,0,"Nej","Nej","Ja","Ja","Nej","Nej","Nej","Nej",0.119726364344901,"11-15%","6-10%",0.477303702096653,"41-50%","0-30%",0.229633666952387,"21-25%","0-15%",646.096774193548,"501-1000","251-500",227.354838709677,"201-300","101-200",Inf,"201%+","201%+",8.37462713462504,"6-10","6-10"
"Nej","Ja","nej","Riktlinijer från Landstinget / Regionen","Riktlinijer från Landstinget / Regionen","Klinikspecifika riktlinijer","Teknisk utbildning (hur man praktiskt använder CGM och hur man tolkar värden);Utbildning för att mentalt/känslomässigt kunna hantera CGM","Teknisk utbildning (hur man praktiskt använder FGM och hur man tolkar värden);Utbildning för att mentalt/känslomässigt kunna hantera FGM","Teknisk utbildning (hur man praktiskt använder insulinpump);Utbildning för att mentalt/känslomässigt kunna hantera insulinpump","Ja","Nej","Nej","Den egna kliniken","Kurator;Annat","Nej","Nej","","Nej - det är delat med andra avdelningar på sjukhuset","Ja - ibland","Diabetessköterska","Jönköpings län "," Höglandssjukhuset",600,200,40,280,3.46666666666667,56,520,150,0.0933333333333333,0.866666666666667,0.25,"Nej","Nej","Nej","Ja","Nej","Nej","Ja","Nej",0.119726364344901,"11-15%","6-10%",0.477303702096653,"41-50%","0-30%",0.229633666952387,"21-25%","21-25%",646.096774193548,"501-1000","501-1000",227.354838709677,"201-300","101-200",Inf,"201%+","201%+",8.37462713462504,"6-10","0-5"
"Nej","Nej","nej","Klinikspecifika riktlinijer","Klinikspecifika riktlinijer","Klinikspecifika riktlinijer","Teknisk utbildning (hur man praktiskt använder CGM och hur man tolkar värden);Utbildning för att mentalt/känslomässigt kunna hantera CGM","Teknisk utbildning (hur man praktiskt använder FGM och hur man tolkar värden);Utbildning för att mentalt/känslomässigt kunna hantera FGM","Teknisk utbildning (hur man praktiskt använder insulinpump);Utbildning för att mentalt/känslomässigt kunna hantera insulinpump","Nej","Ja","Nej","Den egna kliniken","Kurator","Ja","Nej","","Nej - det är delat med andra avdelningar på sjukhuset","Nej","Kurator","Värmlands län "," Sjukhuset i Torsby",100,75,0,Inf,0,2,46,32,0.02,0.46,0.32,"Nej","Nej","Nej","Ja","Nej","Nej","Nej","Nej",0.119726364344901,"11-15%","0-5%",0.477303702096653,"41-50%","0-30%",0.229633666952387,"21-25%","31%+",646.096774193548,"501-1000","0-250",227.354838709677,"201-300","0-100",Inf,"201%+","201%+",8.37462713462504,"6-10","0-5"
